id,fileName,details,type,previewsMirrors,path,fileMirrors
XEYE_d3dc1395-cf7f-4e16-b2e9-7afd80ff41e8,Kaelus Banner 1.image,,IMAGE,{},XEYE:/Publicidad/Kaelus Banner 1.image,"{""@xeye_1_bot"":""AgACAgEAAxkBAAIBO2dZ-lN8luiAhQbdQM8d33HuQs6uAAKorTEbA2TARqW7n_ROie6UAQADAgADeQADNgQ""}"
XEYE_59bb281f-335d-4a0e-bd30-5d05251d0965,Turtugas ninja.video,,VIDEO,"{""@xeye_1_bot"":""AgACAgEAAxkBAAIBuWdaUwLs4I9ygPTtooOV4cnYSyXWAAJErTEbir_QRpGf58AaTNOgAQADAgADeQADNgQ""}",XEYE:/Peliculas/Accion/Turtugas ninja.video,"{""@xeye_1_bot"":""BAACAgEAAxkBAAIBbWdaIC6DsJF2tOFfrH56IGGpkZ6zAAI0BAACir_QRuNf-B66hCpANgQ""}"
XEYE_517c3245-625d-42f4-80a5-e7c3b8820033,Masacre en el tren.video,,VIDEO,"{""@xeye_1_bot"":""AgACAgEAAxkBAAIBlWdaQW6nxKBm2TWtGmRWNZFdsEduAAJHrTEbir_QRpiBa9F3VB9qAQADAgADeAADNgQ""}",XEYE:/Peliculas/Masacre en el tren.video,"{""@xeye_1_bot"":""BAACAgEAAxkBAAIBcGdaIaG70wxAWrNpiZfI8wUzX1MqAAItBAACir_QRm7F_yhluwTrNgQ""}"
XEYE_516021fd-5079-440a-912e-a3592e4eb576,L칤nea de fuego.video,,VIDEO,{},XEYE:/Peliculas/Accion/L칤nea de fuego.video,"{""@xeye_1_bot"":""BAACAgEAAxkBAAIBlmdaQW5zof3m56jotpRcXmChR9hUAAI2BAACir_QRnlA8oXttzR0NgQ""}"
XEYE_87b14cb5-7787-4f2c-b372-d22e7919b2f0,Un Lugar en Silencio 3.video,": D칤a Uno
VOSE
A침o 2024
Pa칤s 游쥟릖
T칤tulo original
A Quiet Place: Day One

Mientras la ciudad de Nueva York es invadida por criaturas alien칤genas que cazan mediante el sonido, una mujer llamada Sammy lucha por sobrevivir.",VIDEO,"{""@xeye_1_bot"":""AgACAgEAAxkBAAIB9Wdae26YvYtILWMEuSGPd4X_27BaAAJXrTEbir_QRte4eApjA6M6AQADAgADeAADNgQ""}",XEYE:/Peliculas/Un Lugar en Silencio 3.video,"{""@xeye_1_bot"":""BAACAgEAAxkBAAIB9mdae24ITfTWouWS9jFY3rShNiXAAAI_BAACir_QRuX-547h6cdPNgQ""}"
XEYE_a23dd1e2-06e9-405d-93ee-1b9f3cc4f231,GRINCH.video,,VIDEO,"{""@xeye_1_bot"":""AgACAgEAAxkBAAICWWdbsvgPBCMdCZeRQNzeo7wdwWO6AAIusTEbjSjhRvw6xTZXuPi_AQADAgADeQADNgQ""}",XEYE:/Peliculas/Accion/GRINCH.video,"{""@xeye_1_bot"":""BAACAgEAAxkBAAICWmdbsvizUq1BaWIswNOru4bdYDlaAALnBgACjSjhRlyeKB6_SebbNgQ""}"
XEYE_f995f701-bf1b-45a4-819d-4a2f205615c2,Tibur칩n de dos cabezas.video,,VIDEO,{},XEYE:/Peliculas/Accion/Tibur칩n de dos cabezas.video,"{""@xeye_1_bot"":""BAACAgEAAxkBAAICYmdbtWr2KAzrA5PNlGooJt3yqBazAAJ8DAACjSjZRpHht1x-vicLNgQ""}"
XEYE_ec8b6c48-4f84-48ff-8839-8de42a781cb9,Operaci칩n regalo.video,,VIDEO,"{""XEYE_b967cdd6-4a8b-4944-9fdc-eca6b0b67593"":""@xeye_1_bot""}",XEYE:/Peliculas/Operaci칩n regalo.video,"{""@xeye_1_bot"":""BAACAgEAAxkBAAICdWdbyo5p574J8aO44RCswM7UV-SVAAJJDAACjSjZRiX3QEx1KgLUNgQ""}"
XEYE_a231a0ba-14f4-4bc5-af4a-38371c5412da,Valiente.video,,VIDEO,"{""XEYE_d3959716-cf43-487b-9065-6730cdb3ffd6"":""@xeye_1_bot""}",XEYE:/Peliculas/Valiente.video,"{""@xeye_1_bot"":""BAACAgEAAxkBAAICd2dbysYN1_dv9LdO6l48AAG6ektcKgACKgwAAo0o2UZNL6JMX2QAAUY2BA""}"
XEYE_ed4d93b1-954c-42ad-8e5e-5cdc17465444,Dragon Ball Super - Cap1.video,,VIDEO,{},XEYE:/Series/Anime/Dragon Ball Super/Dragon Ball Super - Cap1.video,"{""@xeye_1_bot"":""BAACAgEAAxkBAAICg2db0T4-HmESSBV5IBPbc_C7Y-ZgAAKgBAACBQcoRHqzwDzC0CKJNgQ""}"
XEYE_ff9cb73c-3a48-45da-bb1a-34c5dfa62b5c,Dragon Ball Super - Cap2.video,,VIDEO,{},XEYE:/Series/Anime/Dragon Ball Super/Dragon Ball Super - Cap2.video,"{""@xeye_1_bot"":""BAACAgEAAxkBAAIChGdb0T7CTkMkUBJ1rwo-_nws6iOQAAKjBAACBQcoRJfjSBLtSP_kNgQ""}"
XEYE_feeb4bf6-236c-44d9-9281-1ff08bdcb06e,Dragon Ball Super - Cap3.video,,VIDEO,{},XEYE:/Series/Anime/Dragon Ball Super/Dragon Ball Super - Cap3.video,"{""@xeye_1_bot"":""BAACAgEAAxkBAAIChWdb0T5LVQpVQyw0Vfx9jx_2bHcmAAKmBAACBQcoRIjPZEcj8FCANgQ""}"
XEYE_17898f99-9074-48e4-9f33-f9762ce2cbd2,Dragon Ball Super - Cap4.video,,VIDEO,{},XEYE:/Series/Anime/Dragon Ball Super/Dragon Ball Super - Cap4.video,"{""@xeye_1_bot"":""BAACAgEAAxkBAAIChmdb0T4P_Ut1hd_Y-TcIYfAnSmJMAAKoBAACBQcoRAgepHnt9NudNgQ""}"
XEYE_7799b0fa-b946-4d63-a485-8a4e13df2740,Dragon Ball Super - Cap5.video,,VIDEO,{},XEYE:/Series/Anime/Dragon Ball Super/Dragon Ball Super - Cap5.video,"{""@xeye_1_bot"":""BAACAgEAAxkBAAICh2db0T69oEjPy--4R-T6IdcjC90ZAAKzBAACBQcoRNTjoPNvbz_VNgQ""}"
XEYE_bceb0715-d4e9-4928-b358-0c15d17ae04b,Dragon Ball Super - Cap6.video,,VIDEO,{},XEYE:/Series/Anime/Dragon Ball Super/Dragon Ball Super - Cap6.video,"{""@xeye_1_bot"":""BAACAgEAAxkBAAICiGdb0T62HUdFXStIww6wEt9xhmfFAAK8BAACBQcoREIWmzT9JFGBNgQ""}"
XEYE_0dcfce4d-5ccc-4bca-bba5-700be0d42943,Dragon Ball Super - Cap7.video,,VIDEO,{},XEYE:/Series/Anime/Dragon Ball Super/Dragon Ball Super - Cap7.video,"{""@xeye_1_bot"":""BAACAgEAAxkBAAICiWdb0T4320XnghtGs_yk2bnSFp8mAAK-BAACBQcoRC7WqzBkjHtvNgQ""}"
XEYE_519195e6-6d2e-4b77-b95f-375b8ece2d60,Dragon Ball Super - Cap8.video,,VIDEO,{},XEYE:/Series/Anime/Dragon Ball Super/Dragon Ball Super - Cap8.video,"{""@xeye_1_bot"":""BAACAgEAAxkBAAICimdb0T4X4BkcSKKIis2sC-5HM61pAAK_BAACBQcoRI6j6UtHy6IdNgQ""}"
XEYE_d190c7b2-229f-4531-a470-43be31e172db,Dragon Ball Super - Cap9.video,,VIDEO,{},XEYE:/Series/Anime/Dragon Ball Super/Dragon Ball Super - Cap9.video,"{""@xeye_1_bot"":""BAACAgEAAxkBAAICi2db0T430qs7RayB3RZxd6OjZJf9AALABAACBQcoRLMl9d5WWyPtNgQ""}"
XEYE_f606be67-fa37-4c13-a812-3585757b1803,Dragon Ball Super - Cap10.video,,VIDEO,{},XEYE:/Series/Anime/Dragon Ball Super/Dragon Ball Super - Cap10.video,"{""@xeye_1_bot"":""BAACAgEAAxkBAAICjGdb0T7Dsacf_Ax6wUanrOtnB6ffAALBBAACBQcoROtmiTIz9iWKNgQ""}"
XEYE_8538f7f8-c43b-497e-960e-a6bd7eba823c,Dragon Ball Super - Cap11.video,,VIDEO,{},XEYE:/Series/Anime/Dragon Ball Super/Dragon Ball Super - Cap11.video,"{""@xeye_1_bot"":""BAACAgEAAxkBAAICjWdb0T5dZHfCWWsGoNEo3nNte2ZAAAINBQACBQcoRBrvWsE-BgO8NgQ""}"
XEYE_14b6fd54-6111-45cc-8577-9e76bcb41e04,Dragon Ball Super - Cap12.video,,VIDEO,{},XEYE:/Series/Anime/Dragon Ball Super/Dragon Ball Super - Cap12.video,"{""@xeye_1_bot"":""BAACAgEAAxkBAAICjmdb0T5XZi_36Z2x405c5yva6teeAAIOBQACBQcoRPEtuPKcxfk5NgQ""}"
XEYE_6ec9798c-2332-4ee9-b382-d08f30c06702,Dragon Ball Super - Cap13.video,,VIDEO,{},XEYE:/Series/Anime/Dragon Ball Super/Dragon Ball Super - Cap13.video,"{""@xeye_1_bot"":""BAACAgEAAxkBAAICj2db0T5bKiFhtKwPHDgF70BF6RoDAAIPBQACBQcoRJ1V7j3Q4gAB4zYE""}"
XEYE_9a48f88a-854e-42ce-a63e-23db28f1cb15,Dragon Ball Super - Cap14.video,,VIDEO,{},XEYE:/Series/Anime/Dragon Ball Super/Dragon Ball Super - Cap14.video,"{""@xeye_1_bot"":""BAACAgEAAxkBAAICkGdb0T4i5E-dKRvpM91J8h8rFUMAAxAFAAIFByhEVO65fAdDd-c2BA""}"
XEYE_02cd1bf9-60a3-4f61-8d3b-4f51d839daa4,Dragon Ball Super - Cap15.video,,VIDEO,{},XEYE:/Series/Anime/Dragon Ball Super/Dragon Ball Super - Cap15.video,"{""@xeye_1_bot"":""BAACAgEAAxkBAAICkWdb0T4TSe40q-QrkWicq5XBJ1CUAAISBQACBQcoRKv-2NFaFHt_NgQ""}"
XEYE_109c11d1-6e29-4913-8e30-b77ec35edd19,Dragon Ball Super - Cap16.video,,VIDEO,{},XEYE:/Series/Anime/Dragon Ball Super/Dragon Ball Super - Cap16.video,"{""@xeye_1_bot"":""BAACAgEAAxkBAAICkmdb0T7HTCoEG18y9LA-Cdi1D1rhAAKcAwACBQcwRNukyxUuNG-PNgQ""}"
XEYE_1e26eac6-74a6-49f9-885b-4f649ce54da7,Dragon Ball Super - Cap17.video,,VIDEO,{},XEYE:/Series/Anime/Dragon Ball Super/Dragon Ball Super - Cap17.video,"{""@xeye_1_bot"":""BAACAgEAAxkBAAICk2db0T4ChUIgCFfpnDRcv7t4O1FwAAKdAwACBQcwRAUk4w_XyNRONgQ""}"
XEYE_54476c0f-f368-4a2d-9b85-4b92c80c783a,Dragon Ball Super - Cap18.video,,VIDEO,{},XEYE:/Series/Anime/Dragon Ball Super/Dragon Ball Super - Cap18.video,"{""@xeye_1_bot"":""BAACAgEAAxkBAAIClGdb0T5iLBc_cWNAB7uYvNHyaO1LAAKeAwACBQcwRJxBcb541VVkNgQ""}"
XEYE_d6c595c5-fdcb-4b95-a1e4-c00bd5d9b3ea,Dragon Ball Super - Cap19.video,,VIDEO,{},XEYE:/Series/Anime/Dragon Ball Super/Dragon Ball Super - Cap19.video,"{""@xeye_1_bot"":""BAACAgEAAxkBAAIClWdb0T6PqW-VhZTFA47zWSKb0J8mAAJoAwACbSooRNiY-AvqcXYZNgQ""}"
XEYE_fbd361a8-3e6e-490b-b72e-aac9517b729c,Dragon Ball Super - Cap20.video,,VIDEO,{},XEYE:/Series/Anime/Dragon Ball Super/Dragon Ball Super - Cap20.video,"{""@xeye_1_bot"":""BAACAgEAAxkBAAIClmdb0T53LoXDti-WctM60LXYmjxiAAJpAwACbSooRNiV65yL5Zg2NgQ""}"
XEYE_b43c1e47-fa94-4f76-a57d-7817445f252c,Dragon Ball Super - Cap21.video,,VIDEO,{},XEYE:/Series/Anime/Dragon Ball Super/Dragon Ball Super - Cap21.video,"{""@xeye_1_bot"":""BAACAgEAAxkBAAICl2db0T4zo5ut4w6yEjVCuL3ddvpqAAJqAwACbSooRPielFw-ZQ_WNgQ""}"
XEYE_f7272dd5-de4e-462a-aece-0bca16e88c90,Dragon Ball Super - Cap22.video,,VIDEO,{},XEYE:/Series/Anime/Dragon Ball Super/Dragon Ball Super - Cap22.video,"{""@xeye_1_bot"":""BAACAgEAAxkBAAICmGdb0T7yriKQ-D20yUwb4rxrVnSrAAJrAwACbSooROSggf3NHjbGNgQ""}"
XEYE_b29fb697-3e2e-462e-b715-09d565a09617,Dragon Ball Super - Cap23.video,,VIDEO,{},XEYE:/Series/Anime/Dragon Ball Super/Dragon Ball Super - Cap23.video,"{""@xeye_1_bot"":""BAACAgEAAxkBAAICmWdb0T7_Sbu90HuSdnZVISDtLUMJAAJsAwACbSooRDqyXUQLN5snNgQ""}"
XEYE_89c42fa1-d5be-41bb-a0dd-e57d71d1d916,Dragon Ball Super - Cap24.video,,VIDEO,{},XEYE:/Series/Anime/Dragon Ball Super/Dragon Ball Super - Cap24.video,"{""@xeye_1_bot"":""BAACAgEAAxkBAAICmmdb0T6RUbT7AAFfaUjmUDRj0nM39wACdQMAAm0qKETfykYyyEi4YzYE""}"
XEYE_d649ee5a-1af6-4b9d-b807-4e05ebf69ff3,Dragon Ball Super - Cap25.video,,VIDEO,{},XEYE:/Series/Anime/Dragon Ball Super/Dragon Ball Super - Cap25.video,"{""@xeye_1_bot"":""BAACAgEAAxkBAAICm2db0T5_cDB_VFdshbn3opkY5p1IAAJ4AwACbSooRP0yhigEm-sLNgQ""}"
XEYE_6e5a23d1-6800-4391-8c18-f4af13457108,Dragon Ball Super - Cap26.video,,VIDEO,{},XEYE:/Series/Anime/Dragon Ball Super/Dragon Ball Super - Cap26.video,"{""@xeye_1_bot"":""BAACAgEAAxkBAAICnGdb0T43ItBvSyfQEdmQz7dqRgMXAAJ6AwACbSooRKoT9QF1qZi-NgQ""}"
XEYE_c5855a56-71d8-48cd-a45b-22f585c6d244,Dragon Ball Super - Cap27.video,,VIDEO,{},XEYE:/Series/Anime/Dragon Ball Super/Dragon Ball Super - Cap27.video,"{""@xeye_1_bot"":""BAACAgEAAxkBAAICnWdb0T4mMFe-pk78rcvv3Xn-Ne1cAAJ7AwACbSooRFlmOtz_LoBONgQ""}"
XEYE_5757b74a-e9ae-4edc-9548-62542921ac49,Dragon Ball Super - Cap28.video,,VIDEO,{},XEYE:/Series/Anime/Dragon Ball Super/Dragon Ball Super - Cap28.video,"{""@xeye_1_bot"":""BAACAgEAAxkBAAICnmdb0T4pY1XDY0oIQLLJ8xPdWdmdAAKAAwACbSooRKimrUvya2YrNgQ""}"
XEYE_3ee182ee-ae2b-451a-8b44-1fd2ac091151,Dragon Ball Super - Cap29.video,,VIDEO,{},XEYE:/Series/Anime/Dragon Ball Super/Dragon Ball Super - Cap29.video,"{""@xeye_1_bot"":""BAACAgEAAxkBAAICn2db0T7Vrv9n5u4AAU7_gtfNKaFBoAACggMAAm0qKET9W2b3XL2vgzYE""}"
XEYE_ae38f057-1646-4ffe-8131-c33f3d8b4b8c,Dragon Ball Super - Cap30.video,,VIDEO,{},XEYE:/Series/Anime/Dragon Ball Super/Dragon Ball Super - Cap30.video,"{""@xeye_1_bot"":""BAACAgEAAxkBAAICoGdb0T75e4Yw7IlNnDICd3vpt0sdAAKDAwACbSooRJGLootst2ZiNgQ""}"
XEYE_6f41bd22-3d44-4d45-8bcd-2c4075448ba4,Dragon Ball Super - Cap31.video,,VIDEO,{},XEYE:/Series/Anime/Dragon Ball Super/Dragon Ball Super - Cap31.video,"{""@xeye_1_bot"":""BAACAgEAAxkBAAICwmdb1R1fFZydx7nhcR0N4xyY5JHAAAKbAwACbSooRJyTCfv2AAFE7DYE""}"
XEYE_e6344ec4-3f9b-49b2-b057-f2c2239b4610,Dragon Ball Super - Cap32.video,,VIDEO,{},XEYE:/Series/Anime/Dragon Ball Super/Dragon Ball Super - Cap32.video,"{""@xeye_1_bot"":""BAACAgEAAxkBAAICw2db1R2ue_-wypUr3dlNYo7Ya2-mAAKdAwACbSooRNfWdO5BvVzgNgQ""}"
XEYE_4c0764e3-937f-4c25-b688-944b39f48c82,Dragon Ball Super - Cap33.video,,VIDEO,{},XEYE:/Series/Anime/Dragon Ball Super/Dragon Ball Super - Cap33.video,"{""@xeye_1_bot"":""BAACAgEAAxkBAAICxGdb1R3DjmU4vo5GFHClzEmrt2ZNAAKeAwACbSooRBJ6JNp5xXRTNgQ""}"
XEYE_ab2de7e0-bc5b-4a60-b0ad-ac0a3d9f0456,Dragon Ball Super - Cap34.video,,VIDEO,{},XEYE:/Series/Anime/Dragon Ball Super/Dragon Ball Super - Cap34.video,"{""@xeye_1_bot"":""BAACAgEAAxkBAAICxWdb1R06Q0tFSEwQaFhuxA8nvWQQAAKkAwACbSooREYx-VNGjvUCNgQ""}"
XEYE_b7a6799f-b415-4af5-be5f-90227a8c15b5,Dragon Ball Super - Cap35.video,,VIDEO,{},XEYE:/Series/Anime/Dragon Ball Super/Dragon Ball Super - Cap35.video,"{""@xeye_1_bot"":""BAACAgEAAxkBAAICxmdb1R1tgze2we0o25JPvddR2wM5AAKoAwACbSooRPMGoa2h85PYNgQ""}"
XEYE_f2f79d4b-db46-490e-be08-674c953505f9,Dragon Ball Super - Cap36.video,,VIDEO,{},XEYE:/Series/Anime/Dragon Ball Super/Dragon Ball Super - Cap36.video,"{""@xeye_1_bot"":""BAACAgEAAxkBAAICx2db1R24LpX3Am2eb7Iajf00k-JDAAKqAwACbSooRKjkeH3iM36LNgQ""}"
XEYE_5a523d1e-3251-4745-b5b9-69571b1a2ef3,Dragon Ball Super - Cap37.video,,VIDEO,{},XEYE:/Series/Anime/Dragon Ball Super/Dragon Ball Super - Cap37.video,"{""@xeye_1_bot"":""BAACAgEAAxkBAAICyGdb1R3gyLtDD93HFwyfObeZzYh6AAKrAwACbSooRB29UzeTXt7BNgQ""}"
XEYE_0884d083-39c9-447d-9b5c-0d94ae9e5ea6,Dragon Ball Super - Cap38.video,,VIDEO,{},XEYE:/Series/Anime/Dragon Ball Super/Dragon Ball Super - Cap38.video,"{""@xeye_1_bot"":""BAACAgEAAxkBAAICyWdb1R1gEki44FwyIMfkGS8Kwi3dAAKsAwACbSooRMMcrK1q6bZENgQ""}"
XEYE_92a3de3d-5e03-49e5-94ce-1d149cbb0e98,Dragon Ball Super - Cap39.video,,VIDEO,{},XEYE:/Series/Anime/Dragon Ball Super/Dragon Ball Super - Cap39.video,"{""@xeye_1_bot"":""BAACAgEAAxkBAAICymdb1R1hPxMmRXgH2ikqWrar3ESNAAKtAwACbSooRGE8cLkx-lB8NgQ""}"
XEYE_33318809-f3f7-4052-8b58-d6ff3d652001,Dragon Ball Super - Cap40.video,,VIDEO,{},XEYE:/Series/Anime/Dragon Ball Super/Dragon Ball Super - Cap40.video,"{""@xeye_1_bot"":""BAACAgEAAxkBAAICy2db1R26XqGIHL69Axkm-6H8DA0YAAKuAwACbSooRLv36q11yQvZNgQ""}"
XEYE_9cdfc9f8-5e9e-4f01-80a9-24a314bd8106,Dragon Ball Super - Cap41.video,,VIDEO,{},XEYE:/Series/Anime/Dragon Ball Super/Dragon Ball Super - Cap41.video,"{""@xeye_1_bot"":""BAACAgEAAxkBAAICzGdb1R2EAAF1QhVu-vOAvA94UvcriwAC8gMAAm0qMERPDpZnCXaVZjYE""}"
XEYE_7ae3989b-2f12-4889-a20c-2f8f39c1cf74,Dragon Ball Super - Cap42.video,,VIDEO,{},XEYE:/Series/Anime/Dragon Ball Super/Dragon Ball Super - Cap42.video,"{""@xeye_1_bot"":""BAACAgEAAxkBAAICzWdb1R2tPjhCE7GvMqD8kzEHwBNoAAL3AwACbSowRGzoBchxjP2RNgQ""}"
XEYE_dc089148-0829-4fb9-b5e2-5c498da6eb3a,Dragon Ball Super - Cap43.video,,VIDEO,{},XEYE:/Series/Anime/Dragon Ball Super/Dragon Ball Super - Cap43.video,"{""@xeye_1_bot"":""BAACAgEAAxkBAAICzmdb1R2NNhMUNjyq2047nhQGcXOBAAKJAwAC7_w4RMgN8OC9pzfzNgQ""}"
XEYE_9b9afc41-a84d-40fe-8af1-63bf0eaaa26b,Dragon Ball Super - Cap44.video,,VIDEO,{},XEYE:/Series/Anime/Dragon Ball Super/Dragon Ball Super - Cap44.video,"{""@xeye_1_bot"":""BAACAgEAAxkBAAICz2db1R0DQOrjByvMAtKsOvo8FccnAAKOAwAC7_w4RPxeQsbyev0_NgQ""}"
XEYE_1f33d472-6afa-44b1-82e6-722556dad2a4,Dragon Ball Super - Cap45.video,,VIDEO,{},XEYE:/Series/Anime/Dragon Ball Super/Dragon Ball Super - Cap45.video,"{""@xeye_1_bot"":""BAACAgEAAxkBAAIC0Gdb1R1K479XK-PalFzGf9g1i_J_AAKPAwAC7_w4RA3nbp3BBD_mNgQ""}"
XEYE_d5a4ad91-a41e-4792-93f4-7b2b91236b5e,Dragon Ball Super - Cap46.video,,VIDEO,{},XEYE:/Series/Anime/Dragon Ball Super/Dragon Ball Super - Cap46.video,"{""@xeye_1_bot"":""BAACAgEAAxkBAAIC0Wdb1R0SMSJ-_7yH-h9Vsh69A5nHAAKQAwAC7_w4RKVKJV_uNpdMNgQ""}"
XEYE_e48c3b18-8213-421e-b392-2529d5d1ca24,Dragon Ball Super - Cap47.video,,VIDEO,{},XEYE:/Series/Anime/Dragon Ball Super/Dragon Ball Super - Cap47.video,"{""@xeye_1_bot"":""BAACAgEAAxkBAAIC0mdb1R1XOBbgBDbab5iFkIaKF7hSAAKSAwAC7_w4RMmUShwEkwV3NgQ""}"
XEYE_3b06eed9-267c-469c-ad6e-274cd96901fa,Dragon Ball Super - Cap48.video,,VIDEO,{},XEYE:/Series/Anime/Dragon Ball Super/Dragon Ball Super - Cap48.video,"{""@xeye_1_bot"":""BAACAgEAAxkBAAIC02db1R1ZepnLQaN4usBwrSr9TsfhAAKcAwAC7_w4RK0kot_HDmLyNgQ""}"
XEYE_a995e224-9f92-4c4a-9d34-a5717ad77463,Dragon Ball Super - Cap49.video,,VIDEO,{},XEYE:/Series/Anime/Dragon Ball Super/Dragon Ball Super - Cap49.video,"{""@xeye_1_bot"":""BAACAgEAAxkBAAIC1Gdb1R2GS1lJCDTW5DWYGAQ1KzLEAAKeAwAC7_w4RAXtoUuJobLoNgQ""}"
XEYE_2360253d-0531-411d-b630-e0252439efe4,Dragon Ball Super - Cap50.video,,VIDEO,{},XEYE:/Series/Anime/Dragon Ball Super/Dragon Ball Super - Cap50.video,"{""@xeye_1_bot"":""BAACAgEAAxkBAAIC1Wdb1R1IDHr3NjgU08WnH-5SXeSfAAKgAwAC7_w4RKMwXLqZdQEvNgQ""}"
XEYE_b7934906-0506-4601-a9c3-848bc6627ee2,Dragon Ball Super - Cap51.video,,VIDEO,{},XEYE:/Series/Anime/Dragon Ball Super/Dragon Ball Super - Cap51.video,"{""@xeye_1_bot"":""BAACAgEAAxkBAAIC3Gdb10KmAv-umwV0eEZZS0RG4sqVAAKhAwAC7_w4RCkXIyqsSjs-NgQ""}"
XEYE_ab725745-4f72-4fcb-933d-f3cf018d1919,Dragon Ball Super - Cap52.video,,VIDEO,{},XEYE:/Series/Anime/Dragon Ball Super/Dragon Ball Super - Cap52.video,"{""@xeye_1_bot"":""BAACAgEAAxkBAAIC3Wdb10Ixp0kFRsS31wx07sjyCAJDAAKiAwAC7_w4RET6-u-cgxuKNgQ""}"
XEYE_299076ae-d7e5-45a4-9b38-dbc7c98d33a4,Dragon Ball Super - Cap53.video,,VIDEO,{},XEYE:/Series/Anime/Dragon Ball Super/Dragon Ball Super - Cap53.video,"{""@xeye_1_bot"":""BAACAgEAAxkBAAIC3mdb10INGQrafTUCPmuQMxj7_CcrAAKjAwAC7_w4RF1vKmS3qRR8NgQ""}"
XEYE_1eab5ac3-14c9-453f-881f-b7e4f1f700a5,Dragon Ball Super - Cap54.video,,VIDEO,{},XEYE:/Series/Anime/Dragon Ball Super/Dragon Ball Super - Cap54.video,"{""@xeye_1_bot"":""BAACAgEAAxkBAAIC32db10KG_Emic6cVAZ_vNUB33tGgAAKkAwAC7_w4RPz6X2DSDhGGNgQ""}"
XEYE_29a3e840-2462-44af-9054-aabd7d66cdb3,Dragon Ball Super - Cap55.video,,VIDEO,{},XEYE:/Series/Anime/Dragon Ball Super/Dragon Ball Super - Cap55.video,"{""@xeye_1_bot"":""BAACAgEAAxkBAAIC4Gdb10K718De6QtARdJ-3jzOLEyxAAKlAwAC7_w4RMNQf0L8SaNwNgQ""}"
XEYE_46cd8476-2505-4296-af5b-b9f12f12bfd1,Dragon Ball Super - Cap56.video,,VIDEO,{},XEYE:/Series/Anime/Dragon Ball Super/Dragon Ball Super - Cap56.video,"{""@xeye_1_bot"":""BAACAgEAAxkBAAIC4Wdb10LugfCjwXt5LgQgpvnrgIKbAAKmAwAC7_w4RJ_CdysMelK8NgQ""}"
XEYE_9058c503-faf6-4fee-b201-7305e48a1af3,Dragon Ball Super - Cap57.video,,VIDEO,{},XEYE:/Series/Anime/Dragon Ball Super/Dragon Ball Super - Cap57.video,"{""@xeye_1_bot"":""BAACAgEAAxkBAAIC4mdb10JPxrhpjbApv_1Z5qJ0VEqaAAKnAwAC7_w4RKugROeVyvF-NgQ""}"
XEYE_6cdefabd-82bb-4c80-b03a-3b98ac1bae9b,Dragon Ball Super - Cap58.video,,VIDEO,{},XEYE:/Series/Anime/Dragon Ball Super/Dragon Ball Super - Cap58.video,"{""@xeye_1_bot"":""BAACAgEAAxkBAAIC42db10L-HNMGpaILPLhLiWl5ucg9AAKoAwAC7_w4RFnGoU_hhodsNgQ""}"
XEYE_8ae8acdb-e128-4a0b-91c9-4f7e503d7d91,Dragon Ball Super - Cap59.video,,VIDEO,{},XEYE:/Series/Anime/Dragon Ball Super/Dragon Ball Super - Cap59.video,"{""@xeye_1_bot"":""BAACAgEAAxkBAAIC5Gdb10I7UoyqI5gTFUslP401YmN9AAKpAwAC7_w4RLitCbM3WZiiNgQ""}"
XEYE_976abc1b-61fd-4568-ba78-d48f36ec1e65,Dragon Ball Super - Cap60.video,,VIDEO,{},XEYE:/Series/Anime/Dragon Ball Super/Dragon Ball Super - Cap60.video,"{""@xeye_1_bot"":""BAACAgEAAxkBAAIC5Wdb10J5suZ7W01tN4wZaFtVvO-uAAKqAwAC7_w4RB4uc35kOQxpNgQ""}"
XEYE_9ff2be27-5905-4542-9683-8d88be6cf86a,Dragon Ball Super - Cap61.video,,VIDEO,{},XEYE:/Series/Anime/Dragon Ball Super/Dragon Ball Super - Cap61.video,"{""@xeye_1_bot"":""BAACAgEAAxkBAAIC5mdb10Kc5TBjlsX85ewwcrig_QQsAALKAwAC7_xARBF3Lr3uaampNgQ""}"
XEYE_44764cb0-4471-4eea-8cdf-43d6345568c5,Dragon Ball Super - Cap62.video,,VIDEO,{},XEYE:/Series/Anime/Dragon Ball Super/Dragon Ball Super - Cap62.video,"{""@xeye_1_bot"":""BAACAgEAAxkBAAIC52db10Jk_1RkjizEhKZp3bAqYUH8AALLAwAC7_xARLka6wR6BvFdNgQ""}"
XEYE_b20894c7-b5ba-4c97-a404-e8566daff4a1,Dragon Ball Super - Cap63.video,,VIDEO,{},XEYE:/Series/Anime/Dragon Ball Super/Dragon Ball Super - Cap63.video,"{""@xeye_1_bot"":""BAACAgEAAxkBAAIC6Gdb10LCsHgb3KjLxu9EN5pLi1QOAALMAwAC7_xARG1hLmoa5LaXNgQ""}"
XEYE_b2e64e8c-3e8b-4c00-9127-1d3133002dee,Dragon Ball Super - Cap64.video,,VIDEO,{},XEYE:/Series/Anime/Dragon Ball Super/Dragon Ball Super - Cap64.video,"{""@xeye_1_bot"":""BAACAgEAAxkBAAIC6Wdb10JucNyR3s8k8YZwMo-raFHUAALNAwAC7_xARA-aNAOCYmh3NgQ""}"
XEYE_f659e23a-a9f8-48be-aef4-f2760b8f7b31,Dragon Ball Super - Cap65.video,,VIDEO,{},XEYE:/Series/Anime/Dragon Ball Super/Dragon Ball Super - Cap65.video,"{""@xeye_1_bot"":""BAACAgEAAxkBAAIC6mdb10KZTha73OrrxgupgzNObqY9AALOAwAC7_xARLNj-NXRTfEqNgQ""}"
XEYE_1a52b95a-f11d-480f-80f4-eac00254d2b9,Dragon Ball Super - Cap66.video,,VIDEO,{},XEYE:/Series/Anime/Dragon Ball Super/Dragon Ball Super - Cap66.video,"{""@xeye_1_bot"":""BAACAgEAAxkBAAIC62db10LZHSvNRE2LdhQNktr15WB-AALPAwAC7_xARPoOu51FCaEbNgQ""}"
XEYE_ec4f9b9d-2e65-4776-b15d-8d106f2c7677,Dragon Ball Super - Cap67.video,,VIDEO,{},XEYE:/Series/Anime/Dragon Ball Super/Dragon Ball Super - Cap67.video,"{""@xeye_1_bot"":""BAACAgEAAxkBAAIC7Gdb10J4zXNX60pxAWiQXlFV3UZvAALQAwAC7_xARD9E9TQDSj8AATYE""}"
XEYE_89d67f70-a528-4a2d-a47f-e980e74f9884,Dragon Ball Super - Cap68.video,,VIDEO,{},XEYE:/Series/Anime/Dragon Ball Super/Dragon Ball Super - Cap68.video,"{""@xeye_1_bot"":""BAACAgEAAxkBAAIC7Wdb10La2-a4HeE_ODaLdmb6G3ybAALRAwAC7_xARFStPfRqqNYMNgQ""}"
XEYE_5bcda073-58fd-4239-aad5-fffe8723180a,Dragon Ball Super - Cap69.video,,VIDEO,{},XEYE:/Series/Anime/Dragon Ball Super/Dragon Ball Super - Cap69.video,"{""@xeye_1_bot"":""BAACAgEAAxkBAAIC7mdb10KAJuQcRFp4T6oQ00wllHDVAALSAwAC7_xARCdFz_yGafwENgQ""}"
XEYE_a36d6497-c89c-4188-b219-7c8b56bc80ec,Dragon Ball Super - Cap70.video,,VIDEO,{},XEYE:/Series/Anime/Dragon Ball Super/Dragon Ball Super - Cap70.video,"{""@xeye_1_bot"":""BAACAgEAAxkBAAIC72db10LQuidTEkEm-QZtIpqWdsfeAAK4BAAC7_xIRB8288i25Fb4NgQ""}"
XEYE_7858941f-f576-47cf-8b65-cbf298f07a24,Dragon Ball Super - Cap71.video,,VIDEO,{},XEYE:/Series/Anime/Dragon Ball Super/Dragon Ball Super - Cap71.video,"{""@xeye_1_bot"":""BAACAgEAAxkBAAIC8Gdb10KSqE2iz8V4cKxUzLp5D2BJAAK5BAAC7_xIRAV3SrX2Dq_uNgQ""}"
XEYE_38e58853-776c-441c-9555-14138bd6920a,Dragon Ball Super - Cap72.video,,VIDEO,{},XEYE:/Series/Anime/Dragon Ball Super/Dragon Ball Super - Cap72.video,"{""@xeye_1_bot"":""BAACAgEAAxkBAAIC8Wdb10KkvnOiej2x-vO-EPz4ZLteAAK6BAAC7_xIRCSdG88YprmQNgQ""}"
XEYE_e5661ad0-1597-4567-8645-0e488b3382e1,Dragon Ball Super - Cap73.video,,VIDEO,{},XEYE:/Series/Anime/Dragon Ball Super/Dragon Ball Super - Cap73.video,"{""@xeye_1_bot"":""BAACAgEAAxkBAAIC8mdb10La8EUXbaZuaOPUlxpnN_eLAAK7BAAC7_xIRIqBl9Jcy1fnNgQ""}"
XEYE_9ecbd998-58fd-475a-b1c3-ca1064657959,Dragon Ball Super - Cap74.video,,VIDEO,{},XEYE:/Series/Anime/Dragon Ball Super/Dragon Ball Super - Cap74.video,"{""@xeye_1_bot"":""BAACAgEAAxkBAAIC82db10KZrCtaQqmalBWVn9oJSFxPAAK8BAAC7_xIRCer9SYC2kifNgQ""}"
XEYE_8c23dded-f974-43a5-ac52-e9fcf58bae7c,Dragon Ball Super - Cap75.video,,VIDEO,{},XEYE:/Series/Anime/Dragon Ball Super/Dragon Ball Super - Cap75.video,"{""@xeye_1_bot"":""BAACAgEAAxkBAAIC9Gdb10JY0_D6aB72XVuGNtjvOGIAA70EAALv_EhEaLU6PruSet82BA""}"
XEYE_51dffd1d-2eaf-4df1-8922-000d9e16e02e,Dragon Ball Super - Cap76.video,,VIDEO,{},XEYE:/Series/Anime/Dragon Ball Super/Dragon Ball Super - Cap76.video,"{""@xeye_1_bot"":""BAACAgEAAxkBAAIC9Wdb10KKOadgg_MOrivt4dHDCCZCAAK-BAAC7_xIRCsX4cihI1isNgQ""}"
XEYE_9fbe03bd-8e7f-4505-bde5-8248442e8c75,Dragon Ball Super - Cap77.video,,VIDEO,{},XEYE:/Series/Anime/Dragon Ball Super/Dragon Ball Super - Cap77.video,"{""@xeye_1_bot"":""BAACAgEAAxkBAAIC9mdb10J1bv9tjKuEj6sG-xt1uFGhAALABAAC7_xIRGWG-rLG0uFtNgQ""}"
XEYE_c06e2c42-f7be-4f6f-8b38-715a0a2e4fcb,Dragon Ball Super - Cap78.video,,VIDEO,{},XEYE:/Series/Anime/Dragon Ball Super/Dragon Ball Super - Cap78.video,"{""@xeye_1_bot"":""BAACAgEAAxkBAAIC92db10LvMRKMShb1peOd9Q0FNuWPAALBBAAC7_xIRNG-X979ECKeNgQ""}"
XEYE_5529475c-a0e3-4bc3-8b17-361cd7e916c5,Dragon Ball Super - Cap79.video,,VIDEO,{},XEYE:/Series/Anime/Dragon Ball Super/Dragon Ball Super - Cap79.video,"{""@xeye_1_bot"":""BAACAgEAAxkBAAIC-Gdb10IbXqadjFSVGrAhPwvUlg1FAALEBAAC7_xIRL3w3X9JVMSONgQ""}"
XEYE_455eaa6a-5bc6-4b6c-8648-d2e42daca0e6,Dragon Ball Super - Cap80.video,,VIDEO,{},XEYE:/Series/Anime/Dragon Ball Super/Dragon Ball Super - Cap80.video,"{""@xeye_1_bot"":""BAACAgEAAxkBAAIC-Wdb10Im9morLccZoRF1VMd2ArqeAALFBAAC7_xIRMceeYCCKFHjNgQ""}"
XEYE_3f6b2529-99fe-4e46-8542-47498589db61,Dragon Ball Super - Cap81.video,,VIDEO,{},XEYE:/Series/Anime/Dragon Ball Super/Dragon Ball Super - Cap81.video,"{""@xeye_1_bot"":""BAACAgEAAxkBAAIC-mdb10J_416bVMAY17IoXngUByVQAALJBAAC7_xIRKB-qlUKNk7oNgQ""}"
XEYE_e20f26fa-425a-40f8-9315-f9b3881c87ba,Dragon Ball Super - Cap82.video,,VIDEO,{},XEYE:/Series/Anime/Dragon Ball Super/Dragon Ball Super - Cap82.video,"{""@xeye_1_bot"":""BAACAgEAAxkBAAIC-2db10LThvPtgszt5Ev51GWQChwGAALKBAAC7_xIRNXrR208deu1NgQ""}"
XEYE_092f8af6-e34b-468a-982a-f63737e93180,Dragon Ball Super - Cap83.video,,VIDEO,{},XEYE:/Series/Anime/Dragon Ball Super/Dragon Ball Super - Cap83.video,"{""@xeye_1_bot"":""BAACAgEAAxkBAAIC_Gdb10K_E1WkDFr6Wg0teTH0duFcAALLBAAC7_xIRBn6dOEjQso8NgQ""}"
XEYE_068e987d-f778-44eb-a784-5bf21a6ad697,Dragon Ball Super - Cap84.video,,VIDEO,{},XEYE:/Series/Anime/Dragon Ball Super/Dragon Ball Super - Cap84.video,"{""@xeye_1_bot"":""BAACAgEAAxkBAAIC_Wdb10KgLPj6Eylwd9ADsSWmuWZlAALMBAAC7_xIRJRoGjKxAkPWNgQ""}"
XEYE_88690258-9df9-4681-bd71-60958e17c43e,Dragon Ball Super - Cap85.video,,VIDEO,{},XEYE:/Series/Anime/Dragon Ball Super/Dragon Ball Super - Cap85.video,"{""@xeye_1_bot"":""BAACAgEAAxkBAAIC_mdb10KcBUhyaeOc4jOWZ0JHW048AALNBAAC7_xIRPqZYZX86K6QNgQ""}"
XEYE_dc9a6316-83fe-40db-a2e8-1d4f5880c41d,Dragon Ball Super - Cap86.video,,VIDEO,{},XEYE:/Series/Anime/Dragon Ball Super/Dragon Ball Super - Cap86.video,"{""@xeye_1_bot"":""BAACAgEAAxkBAAIC_2db10LLAubzQRsPuMPUIE8iOpHNAALTBAAC7_xIRPIOMrmUdgzKNgQ""}"
XEYE_67f64f83-3db0-4300-a4d9-e70481b17217,Dragon Ball Super - Cap87.video,,VIDEO,{},XEYE:/Series/Anime/Dragon Ball Super/Dragon Ball Super - Cap87.video,"{""@xeye_1_bot"":""BAACAgEAAxkBAAIDAAFnW9dChR9xH1WAUEjSBTd--JfTLwAC1AQAAu_8SEQqHEqVxGH6uTYE""}"
XEYE_37311a2e-a2ec-4b8f-86a1-c0f16f69806e,Dragon Ball Super - Cap88.video,,VIDEO,{},XEYE:/Series/Anime/Dragon Ball Super/Dragon Ball Super - Cap88.video,"{""@xeye_1_bot"":""BAACAgEAAxkBAAIDAWdb10LjFOgC44CncJiqG5q4DkttAALVBAAC7_xIRKeQ62j2DjDMNgQ""}"
XEYE_976b64cb-3d09-4671-b64e-9811bb281a6b,Dragon Ball Super - Cap89.video,,VIDEO,{},XEYE:/Series/Anime/Dragon Ball Super/Dragon Ball Super - Cap89.video,"{""@xeye_1_bot"":""BAACAgEAAxkBAAIDAmdb10KaWq2LDowb6DP_t1tstTlvAALWBAAC7_xIRMGMxDwEsStsNgQ""}"
XEYE_f447cd53-fec5-42f3-a82c-6cb0d1356cbf,Dragon Ball Super - Cap90.video,,VIDEO,{},XEYE:/Series/Anime/Dragon Ball Super/Dragon Ball Super - Cap90.video,"{""@xeye_1_bot"":""BAACAgEAAxkBAAIDA2db10KEq6vzNA_QGgv_HpOCf9AlAALYBAAC7_xIRCFH2OFqu7ANNgQ""}"
XEYE_3e9754a6-cef7-4d53-9e1b-e1cc54e684c0,Dragon Ball Super - Cap91.video,,VIDEO,{},XEYE:/Series/Anime/Dragon Ball Super/Dragon Ball Super - Cap91.video,"{""@xeye_1_bot"":""BAACAgEAAxkBAAIDCGdb2Ln3t1rt1fibxnCBbTVT1wZDAALZBAAC7_xIRKTr7RY7goE0NgQ""}"
XEYE_12d5aded-3529-4891-b38e-e7bb9fa031f3,Dragon Ball Super - Cap92.video,,VIDEO,{},XEYE:/Series/Anime/Dragon Ball Super/Dragon Ball Super - Cap92.video,"{""@xeye_1_bot"":""BAACAgEAAxkBAAIDCWdb2Lmm8tARQ7gxsCBHqmgWkdf6AALaBAAC7_xIRHvcgNwEibMqNgQ""}"
XEYE_543765f2-ab0c-4e0f-9367-a5e568026376,Dragon Ball Super - Cap93.video,,VIDEO,{},XEYE:/Series/Anime/Dragon Ball Super/Dragon Ball Super - Cap93.video,"{""@xeye_1_bot"":""BAACAgEAAxkBAAIDCmdb2Lklu9bwCnA0tYkyCr_waVfZAALbBAAC7_xIRHO_quZAt0fKNgQ""}"
XEYE_5cdf8ce3-dd6d-4c1c-8aff-78a3b1116202,Dragon Ball Super - Cap94.video,,VIDEO,{},XEYE:/Series/Anime/Dragon Ball Super/Dragon Ball Super - Cap94.video,"{""@xeye_1_bot"":""BAACAgEAAxkBAAIDC2db2Ll0tAEfd2i8URqaBnwvUnbAAALcBAAC7_xIREPt5cBHyP6JNgQ""}"
XEYE_361ee07b-ebe6-4100-b412-41c6f611e085,Dragon Ball Super - Cap95.video,,VIDEO,{},XEYE:/Series/Anime/Dragon Ball Super/Dragon Ball Super - Cap95.video,"{""@xeye_1_bot"":""BAACAgEAAxkBAAIDDGdb2LnBHEUidNU-A_Lvj2IcQ9woAALdBAAC7_xIRCDh6qU4uVW6NgQ""}"
XEYE_94990620-d2ee-43c3-b264-07845930e946,Dragon Ball Super - Cap96.video,,VIDEO,{},XEYE:/Series/Anime/Dragon Ball Super/Dragon Ball Super - Cap96.video,"{""@xeye_1_bot"":""BAACAgEAAxkBAAIDDWdb2Ln0hWKWUAeuMOOyFK5B4LoGAALsAwAClRJJREvz39I3p_-uNgQ""}"
XEYE_bed90971-a223-47ec-97cf-15d6d7f940a7,Dragon Ball Super - Cap97.video,,VIDEO,{},XEYE:/Series/Anime/Dragon Ball Super/Dragon Ball Super - Cap97.video,"{""@xeye_1_bot"":""BAACAgEAAxkBAAIDDmdb2Lnnk0rxV48nRPjfuOrHJO0LAALxAwAClRJJRPsCPtQAAbMxIzYE""}"
XEYE_24db5f56-e9ae-41cc-994b-35319cc3d0fb,Dragon Ball Super - Cap98.video,,VIDEO,{},XEYE:/Series/Anime/Dragon Ball Super/Dragon Ball Super - Cap98.video,"{""@xeye_1_bot"":""BAACAgEAAxkBAAIDD2db2LnXgsitXGYXfJdbEjnDfm9qAALyAwAClRJJRA9stNNPNaVmNgQ""}"
XEYE_47edc408-c46b-4620-92cb-8fcfd6acef8e,Dragon Ball Super - Cap99.video,,VIDEO,{},XEYE:/Series/Anime/Dragon Ball Super/Dragon Ball Super - Cap99.video,"{""@xeye_1_bot"":""BAACAgEAAxkBAAIDEGdb2LlDlaQsQ5PpdKK3AS9P3dNzAAL0AwAClRJJREFF9zbmu4ArNgQ""}"
XEYE_1bcba5d3-0184-42b7-8db4-d6c74c3303d6,Dragon Ball Super - Cap100.video,,VIDEO,{},XEYE:/Series/Anime/Dragon Ball Super/Dragon Ball Super - Cap100.video,"{""@xeye_1_bot"":""BAACAgEAAxkBAAIDEWdb2LkRmkYHdEHGeAfpcIxHWF3PAAJHBAAClRJRRHPTbLUYx_kfNgQ""}"
XEYE_fdc00f4e-1f20-4dde-85d1-5a28b8c16d5a,Dragon Ball Super - Cap102.video,,VIDEO,{},XEYE:/Series/Anime/Dragon Ball Super/Dragon Ball Super - Cap102.video,"{""@xeye_1_bot"":""BAACAgEAAxkBAAIDEmdb2Ln6mSuHJ7uanK9iiqAQYoFFAAJLBAAClRJRRMAr4kIOYzijNgQ""}"
XEYE_e81054a2-db0c-4ddd-a9d7-6950c184ee7c,Dragon Ball Super - Cap103.video,,VIDEO,{},XEYE:/Series/Anime/Dragon Ball Super/Dragon Ball Super - Cap103.video,"{""@xeye_1_bot"":""BAACAgEAAxkBAAIDE2db2LlH3dqUx5vBkBDWRV97XwaIAAJMBAAClRJRRNYfjpzl158NNgQ""}"
XEYE_99df3bec-1fed-4e0a-ab6b-2362585760c3,Dragon Ball Super - Cap104.video,,VIDEO,{},XEYE:/Series/Anime/Dragon Ball Super/Dragon Ball Super - Cap104.video,"{""@xeye_1_bot"":""BAACAgEAAxkBAAIDFGdb2LlQbdy-nogprE_Mp0DheDXcAAJQBAAClRJRRE2356Cet2xCNgQ""}"
XEYE_3fd42fa1-a493-489e-a511-888f42d4a1a4,Dragon Ball Super - Cap105.video,,VIDEO,{},XEYE:/Series/Anime/Dragon Ball Super/Dragon Ball Super - Cap105.video,"{""@xeye_1_bot"":""BAACAgEAAxkBAAIDFWdb2LnFCQZmmRGWw_1rKJjoaBhkAAJRBAAClRJRRKgWJ-dC2jfFNgQ""}"
XEYE_f3597fc5-bb91-4f16-b938-2479623d1a1f,Dragon Ball Super - Cap106.video,,VIDEO,{},XEYE:/Series/Anime/Dragon Ball Super/Dragon Ball Super - Cap106.video,"{""@xeye_1_bot"":""BAACAgEAAxkBAAIDFmdb2LnOpKC647TZr8O-J5Enoc2rAAJcBAAClRJRRAyx3IsXiypeNgQ""}"
XEYE_9639f84a-67e1-43e7-8b93-239527ac7ec8,Dragon Ball Super - Cap107.video,,VIDEO,{},XEYE:/Series/Anime/Dragon Ball Super/Dragon Ball Super - Cap107.video,"{""@xeye_1_bot"":""BAACAgEAAxkBAAIDF2db2LlOTIHuJH_dh1zQTZoxc8m9AAJdBAAClRJRRHfdxDt7OuHbNgQ""}"
XEYE_0db6b7f2-564e-4522-9efa-9909c5441635,Dragon Ball Super - Cap108.video,,VIDEO,{},XEYE:/Series/Anime/Dragon Ball Super/Dragon Ball Super - Cap108.video,"{""@xeye_1_bot"":""BAACAgEAAxkBAAIDGGdb2LlqURBuTO34eMFILNyxfyuMAAJeBAAClRJRRCRGpbNlvWsBNgQ""}"
XEYE_d2f3037b-6f50-4b88-8018-7f5bf38f4a39,Dragon Ball Super - Cap109.video,,VIDEO,{},XEYE:/Series/Anime/Dragon Ball Super/Dragon Ball Super - Cap109.video,"{""@xeye_1_bot"":""BAACAgEAAxkBAAIDGWdb2Ln8dhu95aMv0ITtKmDukD5PAAJfBAAClRJRRHDAvEWqzZtwNgQ""}"
XEYE_ec8083e4-6885-41fc-899b-bde5f6f35abb,Dragon Ball Super - Cap110.video,,VIDEO,{},XEYE:/Series/Anime/Dragon Ball Super/Dragon Ball Super - Cap110.video,"{""@xeye_1_bot"":""BAACAgEAAxkBAAIDGmdb2Lkmnn16aKjrw8UMRghFq_KAAAJgBAAClRJRRGfxZOdbKT0BNgQ""}"
XEYE_74e059ae-9c7f-4c7d-b2c3-a15a903a79fb,Dragon Ball Super - Cap111.video,,VIDEO,{},XEYE:/Series/Anime/Dragon Ball Super/Dragon Ball Super - Cap111.video,"{""@xeye_1_bot"":""BAACAgEAAxkBAAIDG2db2LkrZ9KCxzJS3E4UvtQwO4gYAAJxBAAClRJRRDBWBzmgpFyuNgQ""}"
XEYE_de3dadb8-3edc-4538-9036-f5cf7111428b,Dragon Ball Super - Cap112.video,,VIDEO,{},XEYE:/Series/Anime/Dragon Ball Super/Dragon Ball Super - Cap112.video,"{""@xeye_1_bot"":""BAACAgEAAxkBAAIDHGdb2LlPlqTfbMdjSunPPb3mMpP4AAJyBAAClRJRRBlEnXoyKJdMNgQ""}"
XEYE_7657e3bd-571b-4628-abe3-c1519dbf0b3f,Dragon Ball Super - Cap113.video,,VIDEO,{},XEYE:/Series/Anime/Dragon Ball Super/Dragon Ball Super - Cap113.video,"{""@xeye_1_bot"":""BAACAgEAAxkBAAIDHWdb2Lnc4B1AbibrT66BNfR9-QaTAAJzBAAClRJRRIsqQuRKYfUmNgQ""}"
XEYE_a201e5b4-c159-452b-be5b-851ae677a359,Dragon Ball Super - Cap114.video,,VIDEO,{},XEYE:/Series/Anime/Dragon Ball Super/Dragon Ball Super - Cap114.video,"{""@xeye_1_bot"":""BAACAgEAAxkBAAIDHmdb2Lm7x-_TM9RRsUUGskxdV1K6AAJ0BAAClRJRRNRbj4Zd5jLsNgQ""}"
XEYE_76ccc58e-3513-4dbc-bdd2-96b7f0351c74,Dragon Ball Super - Cap115.video,,VIDEO,{},XEYE:/Series/Anime/Dragon Ball Super/Dragon Ball Super - Cap115.video,"{""@xeye_1_bot"":""BAACAgEAAxkBAAIDH2db2LmfTEzSV5tEhEn_rZp7amdDAAJ1BAAClRJRRKcJy7n-4CUcNgQ""}"
XEYE_7992497f-f208-4ac5-8238-9b7c587edae1,Dragon Ball Super - Cap116.video,,VIDEO,{},XEYE:/Series/Anime/Dragon Ball Super/Dragon Ball Super - Cap116.video,"{""@xeye_1_bot"":""BAACAgEAAxkBAAIDIGdb2LlxP8n7OyMVrgZaEUWPgEBfAAKOBAAClRJRRCexZWOHAlMiNgQ""}"
XEYE_d5774a9a-2d33-4675-9500-81dbd76bb7b5,Dragon Ball Super - Cap117.video,,VIDEO,{},XEYE:/Series/Anime/Dragon Ball Super/Dragon Ball Super - Cap117.video,"{""@xeye_1_bot"":""BAACAgEAAxkBAAIDIWdb2LnP1-7LzrCLB0txSTqBqn4aAALWBAAClRJZRHQAASE-Yk4_zDYE""}"
XEYE_6d7eae09-160c-4e65-aa5b-7f2d0f1cd075,Dragon Ball Super - Cap118.video,,VIDEO,{},XEYE:/Series/Anime/Dragon Ball Super/Dragon Ball Super - Cap118.video,"{""@xeye_1_bot"":""BAACAgEAAxkBAAIDImdb2Lngyor7TotjzJqZ10Qp1tmTAALXBAAClRJZRGv3yYSWIN90NgQ""}"
XEYE_829df22a-9de8-491c-acfd-74b38fb5d8df,Dragon Ball Super - Cap119.video,,VIDEO,{},XEYE:/Series/Anime/Dragon Ball Super/Dragon Ball Super - Cap119.video,"{""@xeye_1_bot"":""BAACAgEAAxkBAAIDI2db2LnZocy--sDpZd7Ho0DUy_MBAALYBAAClRJZRBm9k-Pg7LvuNgQ""}"
XEYE_b94ea3a9-6d14-4d85-bfad-ab1d291ecd0a,Dragon Ball Super - Cap120.video,,VIDEO,{},XEYE:/Series/Anime/Dragon Ball Super/Dragon Ball Super - Cap120.video,"{""@xeye_1_bot"":""BAACAgEAAxkBAAIDJGdb2LkiEUbUdVSoi2fPVRKy33weAALZBAAClRJZRCQIhwxtcIAxNgQ""}"
XEYE_fe9dbf95-ec2d-4b5b-a63f-bf924cf83392,Dragon Ball Super - Cap121.video,,VIDEO,{},XEYE:/Series/Anime/Dragon Ball Super/Dragon Ball Super - Cap121.video,"{""@xeye_1_bot"":""BAACAgEAAxkBAAIDJWdb2LnLwUSX9YDN7pX34fsHuzPKAALaBAAClRJZRFkOVIvUGNZQNgQ""}"
XEYE_ae9ada2a-f344-4210-8b0c-a628712b6169,Dragon Ball Super - Cap122.video,,VIDEO,{},XEYE:/Series/Anime/Dragon Ball Super/Dragon Ball Super - Cap122.video,"{""@xeye_1_bot"":""BAACAgEAAxkBAAIDJmdb2LmKI1jPynHisku-ntK0A0xTAALbBAAClRJZRJChfPAr4kdyNgQ""}"
XEYE_7198184a-8273-401f-8b46-56076b44960c,Dragon Ball Super - Cap123.video,,VIDEO,{},XEYE:/Series/Anime/Dragon Ball Super/Dragon Ball Super - Cap123.video,"{""@xeye_1_bot"":""BAACAgEAAxkBAAIDJ2db2Lk8wQ-DqM6VDJT3FcuQoWqpAALcBAAClRJZRBaJaDAsNqxPNgQ""}"
XEYE_a115dcd0-4ec3-4e31-8793-add346f79f2b,Dragon Ball Super - Cap124.video,,VIDEO,{},XEYE:/Series/Anime/Dragon Ball Super/Dragon Ball Super - Cap124.video,"{""@xeye_1_bot"":""BAACAgEAAxkBAAIDKGdb2LkWV79BS-M3MnenmQtkPkXXAALdBAAClRJZRMSR3JhQoLQ3NgQ""}"
XEYE_639cca02-38e1-43cb-bb2f-797da125acf0,Dragon Ball Super - Cap125.video,,VIDEO,{},XEYE:/Series/Anime/Dragon Ball Super/Dragon Ball Super - Cap125.video,"{""@xeye_1_bot"":""BAACAgEAAxkBAAIDKWdb2Lkh9ieyvAjv6AVCB64pSuIiAALeBAAClRJZRIzfGOywb0hxNgQ""}"
XEYE_eaf504e2-5414-4634-8aca-d8dcd2664bd7,Dragon Ball Super - Cap126.video,,VIDEO,{},XEYE:/Series/Anime/Dragon Ball Super/Dragon Ball Super - Cap126.video,"{""@xeye_1_bot"":""BAACAgEAAxkBAAIDKmdb2Lk8jqZqK6x_gJIeuAW_XrAzAAJaBQACxHlYROvQs6pQu7qNNgQ""}"
XEYE_56ca484c-18e2-4254-bc6f-4aa6541ad32e,Dragon Ball Super - Cap127.video,,VIDEO,{},XEYE:/Series/Anime/Dragon Ball Super/Dragon Ball Super - Cap127.video,"{""@xeye_1_bot"":""BAACAgEAAxkBAAIDK2db2LnUryYvWDcLtDBFAlCQ4K3uAAJeBQACxHlYRLi5HAw-W_1ENgQ""}"
XEYE_981df1e6-5f24-4fd7-adb2-d683924c257d,Dragon Ball Super - Cap128.video,,VIDEO,{},XEYE:/Series/Anime/Dragon Ball Super/Dragon Ball Super - Cap128.video,"{""@xeye_1_bot"":""BAACAgEAAxkBAAIDLGdb2LmjbBkwna7eyk-askuTPcIXAAJiBQACxHlYRDS7LscuLQqaNgQ""}"
XEYE_1b9fed27-70f5-4bbf-aaaa-0e4d5018e4f9,Dragon Ball Super - Cap129.video,,VIDEO,{},XEYE:/Series/Anime/Dragon Ball Super/Dragon Ball Super - Cap129.video,"{""@xeye_1_bot"":""BAACAgEAAxkBAAIDLWdb2LniFyY6OR12DgsvI0X4UWulAAKDBQACxHlYRL7cAAHr0WADOTYE""}"
XEYE_c33ff681-b279-447e-b223-9b0c001e837d,Dragon Ball Super - Cap130.video,,VIDEO,{},XEYE:/Series/Anime/Dragon Ball Super/Dragon Ball Super - Cap130.video,"{""@xeye_1_bot"":""BAACAgEAAxkBAAIDLmdb2LniwgJw5gFiS3qMVCnHNRP-AAKHBQACxHlYRGYh9nd25RzTNgQ""}"
XEYE_0658a459-ee83-444a-8d38-e5a1d1f43e6d,Dragon Ball Super - Cap131.video,,VIDEO,{},XEYE:/Series/Anime/Dragon Ball Super/Dragon Ball Super - Cap131.video,"{""@xeye_1_bot"":""BAACAgEAAxkBAAIDL2db2LmScoziprX0Tt-5zRv3UzFaAAIjBgACxHlYRJZ94SvExmLyNgQ""}"
XEYE_fd0cca8f-8504-4a16-abb2-66ecff6d4ffa,Gravity Falls,,FOLDER,,XEYE:/Series/Gravity Falls/,
XEYE_4d206bdb-0b01-442e-abee-a490ca72c20d,temporada 1,,FOLDER,,XEYE:/Series/Gravity Falls/temporada 1/,
XEYE_6755fc4a-92fc-4a1f-a47f-03e624e5e32f,Temporada 1 Episodio 1: Turista.video,,VIDEO,{},XEYE:/Series/Gravity Falls/temporada 1/Temporada 1 Episodio 1: Turista.video,"{""@xeye_1_bot"":""BAACAgEAAxkBAAIDQGdb4Ilfb3dwXRKudRH7fP3ne3djAALoAgACwAJxR82s1LFYUQMmNgQ""}"
XEYE_34542036-0416-445f-b78a-da64a60ecef8,Temporada 1 Episodio 2: La.video,,VIDEO,{},XEYE:/Series/Gravity Falls/temporada 1/Temporada 1 Episodio 2: La.video,"{""@xeye_1_bot"":""BAACAgEAAxkBAAIDQWdb4InPlryHcC-Z8hImxv5kVINDAAIJAwACwAJxRx2orwvlovVLNgQ""}"
XEYE_205ed534-880c-458f-a6e6-8ea6f7e47696,Temporada 1 Episodio 3: Los.video,,VIDEO,{},XEYE:/Series/Gravity Falls/temporada 1/Temporada 1 Episodio 3: Los.video,"{""@xeye_1_bot"":""BAACAgEAAxkBAAIDQmdb4IlPKP2SzgABYdvYVwLcSsYwjAACEgMAAsACcUesbQ2R5uLiJzYE""}"
XEYE_20489078-9b8f-4690-a15d-ef6da530d3ec,Temporada 1 Episodio 4: La.video,,VIDEO,{},XEYE:/Series/Gravity Falls/temporada 1/Temporada 1 Episodio 4: La.video,"{""@xeye_1_bot"":""BAACAgEAAxkBAAIDQ2db4Im3nvGJQHK8LVCJscq9kbSGAAItAwACwAJxR0PnJE5rxBe_NgQ""}"
XEYE_fa9425d7-35d8-4891-abf9-dbc009073bd7,Temporada 1 Episodio 5: La.video,,VIDEO,{},XEYE:/Series/Gravity Falls/temporada 1/Temporada 1 Episodio 5: La.video,"{""@xeye_1_bot"":""BAACAgEAAxkBAAIDRGdb4IlI08Y1r-0e-ux2_KP2lk4KAAJOAgACwAJ5R8jRFw3dEyHSNgQ""}"
XEYE_3b7e69c3-a919-4bc6-bf04-4ac192d008ca,Temporada 1 Episodio 6: Dipper.video,,VIDEO,{},XEYE:/Series/Gravity Falls/temporada 1/Temporada 1 Episodio 6: Dipper.video,"{""@xeye_1_bot"":""BAACAgEAAxkBAAIDRWdb4ImxWU_7rTqw4FOI2D7r6BslAAINAgACwAKBR9CeOWQE_BhPNgQ""}"
XEYE_09abadfd-966a-4802-b5a9-b17243b05b39,Temporada 1 Episodio 7: Doble.video,,VIDEO,{},XEYE:/Series/Gravity Falls/temporada 1/Temporada 1 Episodio 7: Doble.video,"{""@xeye_1_bot"":""BAACAgEAAxkBAAIDRmdb4InU3QbKjusjhPq-6Abp9ee8AAITAgACwAKBR1HkrTPRkIDuNgQ""}"
XEYE_ed17635b-348f-47a4-8a44-987816d20f37,Temporada 1 Episodio 8: Tesoro.video,,VIDEO,{},XEYE:/Series/Gravity Falls/temporada 1/Temporada 1 Episodio 8: Tesoro.video,"{""@xeye_1_bot"":""BAACAgEAAxkBAAIDR2db4Ikjpu93qC_NNjFthfm0jCGOAAI1AgACEoyBR4E0SFLGK4YfNgQ""}"
XEYE_1fb0db9a-3f92-4879-9f0a-1e81604d4dbf,Temporada 1 Episodio 9: El.video,,VIDEO,{},XEYE:/Series/Gravity Falls/temporada 1/Temporada 1 Episodio 9: El.video,"{""@xeye_1_bot"":""BAACAgEAAxkBAAIDSGdb4IkH8nRm8ssfQ8_OxUAGdmZ-AAI3AgACEoyBR5SbhCE5gdG8NgQ""}"
XEYE_05a6ae7c-1384-45ac-bdb2-e8ef49724a67,Temporada 1 Episodio 10: Los.video,,VIDEO,{},XEYE:/Series/Gravity Falls/temporada 1/Temporada 1 Episodio 10: Los.video,"{""@xeye_1_bot"":""BAACAgEAAxkBAAIDSWdb4Im6sYKRkTVPpBRDZBddAeVgAAI5AgACEoyBR2KH14wQ6OTWNgQ""}"
XEYE_bff4358e-5f31-459b-8c38-471dee52c427,Temporada 1 Episodio 11: El.video,,VIDEO,{},XEYE:/Series/Gravity Falls/temporada 1/Temporada 1 Episodio 11: El.video,"{""@xeye_1_bot"":""BAACAgEAAxkBAAIDSmdb4IkGbwKLoX-SCxhMHn2c-qYKAAI6AgACEoyBR-c69f2at5WvNgQ""}"
XEYE_7c82cb5a-23b9-46c4-bf95-d9ff992140ec,Temporada 1 Episodio 12: S칰per.video,,VIDEO,{},XEYE:/Series/Gravity Falls/temporada 1/Temporada 1 Episodio 12: S칰per.video,"{""@xeye_1_bot"":""BAACAgEAAxkBAAIDS2db4InGfLIE7FaLpdN1d3h2MSN0AAJBAgACEoyBR3ewD0iRgP5bNgQ""}"
XEYE_00323c1e-2a17-4428-8ab6-15befaede4dc,Temporada 1 Episodio 13: Hoy.video,,VIDEO,{},XEYE:/Series/Gravity Falls/temporada 1/Temporada 1 Episodio 13: Hoy.video,"{""@xeye_1_bot"":""BAACAgEAAxkBAAIDTGdb4IldnsFGS0I1J6jIdV_x4UKXAAJSAwACEoyJR_syTo6jLzQZNgQ""}"
XEYE_c258aa16-f8f1-455e-8bfe-7cb0701595d3,Temporada 1 Episodio 14: 춰Pozo.video,,VIDEO,{},XEYE:/Series/Gravity Falls/temporada 1/Temporada 1 Episodio 14: 춰Pozo.video,"{""@xeye_1_bot"":""BAACAgEAAxkBAAIDTWdb4ImoHBvkvaaGQNQ4b7T6EQqAAAJTAwACEoyJRxKxHURfHtNANgQ""}"
XEYE_f004fc77-f4bc-4f68-bae6-fe75b3704d06,Temporada 1 Episodio 15: En.video,,VIDEO,{},XEYE:/Series/Gravity Falls/temporada 1/Temporada 1 Episodio 15: En.video,"{""@xeye_1_bot"":""BAACAgEAAxkBAAIDTmdb4InFAQ612MAqZKEeaEHlFL-IAAJdAwACEoyJR8twrGsTr7GMNgQ""}"
XEYE_2b7ec89e-ea2f-4fc9-b256-a93a927e54ab,Temporada 1 Episodio 16: La.video,,VIDEO,{},XEYE:/Series/Gravity Falls/temporada 1/Temporada 1 Episodio 16: La.video,"{""@xeye_1_bot"":""BAACAgEAAxkBAAIDT2db4IkH_OwnEWTZNBKk4vzNFHifAAJeAwACEoyJR5JTQrBTXF7YNgQ""}"
XEYE_32673e4f-396d-47f2-ba86-af13e19fcdb9,Temporada 1 Episodio 17: Locura.video,,VIDEO,{},XEYE:/Series/Gravity Falls/temporada 1/Temporada 1 Episodio 17: Locura.video,"{""@xeye_1_bot"":""BAACAgEAAxkBAAIDUGdb4ImXVQTrtWl_hKQ0PcJbNA1DAAJfAwACEoyJRzrgSpvsHuQqNgQ""}"
XEYE_093b95ab-dbc2-477e-ab57-4cc49daca6fe,Temporada 1 Episodio 18: El.video,,VIDEO,{},XEYE:/Series/Gravity Falls/temporada 1/Temporada 1 Episodio 18: El.video,"{""@xeye_1_bot"":""BAACAgEAAxkBAAIDUWdb4ImrBN5WhzVAM0fYJHVpLS4cAAJiAwACEoyJRy10urna4jlDNgQ""}"
XEYE_f5243926-7f6d-4b9c-8712-b7c3d59cedb0,Temporada 1 Episodio 19: Fuga.video,,VIDEO,{},XEYE:/Series/Gravity Falls/temporada 1/Temporada 1 Episodio 19: Fuga.video,"{""@xeye_1_bot"":""BAACAgEAAxkBAAIDUmdb4In79uW9L1K_1_Z0tiauAhwHAAJmAwACEoyJR__CQ9dJO0HiNgQ""}"
XEYE_76a0c26d-3a94-4ca1-8c8b-6ab73cea9394,Temporada 1 Episodio 20: El.video,,VIDEO,{},XEYE:/Series/Gravity Falls/temporada 1/Temporada 1 Episodio 20: El.video,"{""@xeye_1_bot"":""BAACAgEAAxkBAAIDU2db4InAzqsSBFmTVM2IvkplWQzXAAJyAwACEoyJR8R85KR9ZfpcNgQ""}"
XEYE_3d9b03d9-e9ea-47cb-8a61-3b6ee8747570,temporada 2,,FOLDER,,XEYE:/Series/Gravity Falls/temporada 2/,
XEYE_d0c5c0c1-41db-459b-a239-2498d8b12623,Temporada 2 Episodio 1: Karaoke.video,,VIDEO,{},XEYE:/Series/Gravity Falls/temporada 2/Temporada 2 Episodio 1: Karaoke.video,"{""@xeye_1_bot"":""BAACAgEAAxkBAAIDXWdcNaOBdL0t53MQFZdl19szhzRXAAIFAwACOdWZR617kXy1BWK_NgQ""}"
XEYE_13c88360-1524-4da8-9a84-013a05bc988f,Temporada 2 Episodio 2: Visita.video,,VIDEO,{},XEYE:/Series/Gravity Falls/temporada 2/Temporada 2 Episodio 2: Visita.video,"{""@xeye_1_bot"":""BAACAgEAAxkBAAIDXmdcNaPbIz7pHpWrAgWeZOYdj-IQAAILAwACOdWZR-U8p1iNMiE1NgQ""}"
XEYE_4ed96188-3979-4466-aa8c-426582b770aa,Temporada 2 Episodio 3: La.video,,VIDEO,{},XEYE:/Series/Gravity Falls/temporada 2/Temporada 2 Episodio 3: La.video,"{""@xeye_1_bot"":""BAACAgEAAxkBAAIDX2dcNaM6GF6fJ4RM0jEE-JcB5nJyAAIQAwACOdWZRyw-qMLBfqceNgQ""}"
XEYE_a49056b0-2061-4c22-a70a-90491391232f,Temporada 2 Episodio 4: Amor.video,,VIDEO,{},XEYE:/Series/Gravity Falls/temporada 2/Temporada 2 Episodio 4: Amor.video,"{""@xeye_1_bot"":""BAACAgEAAxkBAAIDYGdcNaNpK2Qf3tUPhhIsFyqtSMkOAAJkAgACLe6ZRzXCZRNakC5YNgQ""}"
XEYE_0a7fb38d-5909-4320-91c9-30d32c93e4f4,Temporada 2 Episodio 5: Soos.video,,VIDEO,{},XEYE:/Series/Gravity Falls/temporada 2/Temporada 2 Episodio 5: Soos.video,"{""@xeye_1_bot"":""BAACAgEAAxkBAAIDYWdcNaOhPILAZK82AiXmhaWRiYt5AAJlAgACLe6ZR3uq7JocaLC2NgQ""}"
XEYE_ca9dfc1c-001b-4079-867b-5637f75242ff,Temporada 2 Episodio 6: La.video,,VIDEO,{},XEYE:/Series/Gravity Falls/temporada 2/Temporada 2 Episodio 6: La.video,"{""@xeye_1_bot"":""BAACAgEAAxkBAAIDYmdcNaOdd7BSXno7FHYHDY6UZ6AKAAJsAgACLe6ZR5paTAqgcAvHNgQ""}"
XEYE_5358b869-50d0-42f9-9d5f-32d83b4ef0ae,Temporada 2 Episodio 7: La.video,,VIDEO,{},XEYE:/Series/Gravity Falls/temporada 2/Temporada 2 Episodio 7: La.video,"{""@xeye_1_bot"":""BAACAgEAAxkBAAIDY2dcNaMUy-WkdC6N2OrVX3wbVfrDAAIIAgACLe6hRw60nBdqqSpxNgQ""}"
XEYE_71951275-0ecc-4f48-9502-2163303d2d7a,Temporada 2 Episodio 8: El.video,,VIDEO,{},XEYE:/Series/Gravity Falls/temporada 2/Temporada 2 Episodio 8: El.video,"{""@xeye_1_bot"":""BAACAgEAAxkBAAIDZGdcNaNG9UCipzfVgJSN2I5aZ95AAAIRAgACLe6hRyvoklgt_nfaNgQ""}"
XEYE_437f31c0-2c06-4432-9e6c-86d20576c135,"Temporada 2
Episodio 9: Cupido.video",,VIDEO,{},"XEYE:/Series/Gravity Falls/temporada 2/Temporada 2
Episodio 9: Cupido.video","{""@xeye_1_bot"":""BAACAgEAAxkBAAIDZWdcNaOw6QPRbQdoAdpicH4-oUAhAAIaAgACLe6hRx7SVgo0r9OENgQ""}"
XEYE_dc74ada3-06d1-4660-873e-4c80a765f994,Temporada 2 Episodio 10: El.video,,VIDEO,{},XEYE:/Series/Gravity Falls/temporada 2/Temporada 2 Episodio 10: El.video,"{""@xeye_1_bot"":""BAACAgEAAxkBAAIDZmdcNaOMdKIh9ISKNaLBK7fBAQaFAAIeAgACLe6hR90MB3rPoqkxNgQ""}"
XEYE_a8446f0f-36e6-4c75-94cf-9adf10f3dcc0,Temporada 2 Episodio 11: 칄l.video,,VIDEO,{},XEYE:/Series/Gravity Falls/temporada 2/Temporada 2 Episodio 11: 칄l.video,"{""@xeye_1_bot"":""BAACAgEAAxkBAAIDZ2dcNaOuts3QYGWhEDG43wU11JtzAAIgAgACLe6hR56VKRlTo6lLNgQ""}"
XEYE_dcb46131-7498-4510-a3d7-fe9009f9959b,Temporada 2 Episodio 12: La.video,,VIDEO,{},XEYE:/Series/Gravity Falls/temporada 2/Temporada 2 Episodio 12: La.video,"{""@xeye_1_bot"":""BAACAgEAAxkBAAIDaGdcNaM8bcKWrxwnp0UiZRyCbmc8AAIjAgACLe6hR2SJtpY0fIaMNgQ""}"
XEYE_b924c093-3e46-4d3b-8637-484b2a45d25a,"Temporada 2 Episodio 13: Calabozos,.video",,VIDEO,{},"XEYE:/Series/Gravity Falls/temporada 2/Temporada 2 Episodio 13: Calabozos,.video","{""@xeye_1_bot"":""BAACAgEAAxkBAAIDaWdcNaPP1lVvuPPySGr2akRoM8o1AAIkAgACLe6hR_RHPm74Zsj-NgQ""}"
XEYE_6e2e4c40-b772-43a9-97bb-5ffa1bce92b2,Temporada 2 Episodio 14: Un.video,,VIDEO,{},XEYE:/Series/Gravity Falls/temporada 2/Temporada 2 Episodio 14: Un.video,"{""@xeye_1_bot"":""BAACAgEAAxkBAAIDamdcNaMvX4yvx4MUty7lbZJYlC4LAAIlAgACLe6hR9vV5mkIEXRHNgQ""}"
XEYE_3916bdae-b83f-4a90-8242-9031d806662d,Temporada 2 Episodio 15: El.video,,VIDEO,{},XEYE:/Series/Gravity Falls/temporada 2/Temporada 2 Episodio 15: El.video,"{""@xeye_1_bot"":""BAACAgEAAxkBAAIDa2dcNaMtwvYlOBQbEBlIkNfXuJTeAAImAgACLe6hR5F0oVBJ5PDoNgQ""}"
XEYE_1ad2708d-c256-4fb5-baca-6dc55d5be98a,Temporada 2 Episodio 16: Atracciones.video,,VIDEO,{},XEYE:/Series/Gravity Falls/temporada 2/Temporada 2 Episodio 16: Atracciones.video,"{""@xeye_1_bot"":""BAACAgEAAxkBAAIDbGdcNaOtzZqnVwABzehJ_B1JEz4NrAACJwIAAi3uoUe0cn2UWHTSwDYE""}"
XEYE_ce4733b5-a300-40c5-be52-e6efad86d4c4,Temporada 2 Episodio 17: Dipper.video,,VIDEO,{},XEYE:/Series/Gravity Falls/temporada 2/Temporada 2 Episodio 17: Dipper.video,"{""@xeye_1_bot"":""BAACAgEAAxkBAAIDbWdcNaMe0oN93GKo7NNWjdSwRrdsAAIsAgACLe6hR3Ycix3yFrOHNgQ""}"
XEYE_68407ec9-1c92-41da-a6d3-bf7da5926222,Temporada 2 Episodio 18: Raromagedd칩n.video,,VIDEO,{},XEYE:/Series/Gravity Falls/temporada 2/Temporada 2 Episodio 18: Raromagedd칩n.video,"{""@xeye_1_bot"":""BAACAgEAAxkBAAIDbmdcNaM-WFuiKYaKqezeEazQLoa9AAIuAgACLe6hR1t7SxcpwPwWNgQ""}"
XEYE_8311a035-ee6d-4158-b6cc-2fd9749d0268,Temporada 2 Episodio 19: Raromagedd칩n.video,,VIDEO,{},XEYE:/Series/Gravity Falls/temporada 2/Temporada 2 Episodio 19: Raromagedd칩n.video,"{""@xeye_1_bot"":""BAACAgEAAxkBAAIDb2dcNaMnjbQ4lkOjSh9WU6edJ93dAAIiAgACLe6pR4g7MaeKc0QKNgQ""}"
XEYE_8ad4463c-a25c-4e7e-b850-19748cbc37ec,Temporada 2 EPISODIO FINAL Raromagedd칩n.video,,VIDEO,{},XEYE:/Series/Gravity Falls/temporada 2/Temporada 2 EPISODIO FINAL Raromagedd칩n.video,"{""@xeye_1_bot"":""BAACAgEAAxkBAAIDcGdcNaNblS40R5PlNu5cTo5EqsatAAIwAgACLe6pR3N9dOeO27s2NgQ""}"
XEYE_1bccfac0-2d66-490f-b013-455d54a14ac6,cortos,,FOLDER,,XEYE:/Series/Gravity Falls/cortos/,
XEYE_7e46ba8b-8cfa-4124-a26a-0d7493c1f7c9,CORTOS - Dipper los gu칤a.video,,VIDEO,{},XEYE:/Series/Gravity Falls/cortos/CORTOS - Dipper los gu칤a.video,"{""@xeye_1_bot"":""BAACAgEAAxkBAAIDdmdcNlhAK2zGDT6Ut65AyAhVKivnAAKKAgACOdWRR3Ifqe70HfikNgQ""}"
XEYE_75774157-ec7c-4698-ae9e-5658c7b38261,CORTOS - Mabel los gu칤a.video,,VIDEO,{},XEYE:/Series/Gravity Falls/cortos/CORTOS - Mabel los gu칤a.video,"{""@xeye_1_bot"":""BAACAgEAAxkBAAIDfGdcNlhzXqlI3qHjW8Y2CIBe4yPQAAKWAgACOdWRR45HliGAQKQcNgQ""}"
XEYE_aa413a7a-7cd9-41e3-bbc5-01b081157025,CORTOS - Repara todo con.video,,VIDEO,{},XEYE:/Series/Gravity Falls/cortos/CORTOS - Repara todo con.video,"{""@xeye_1_bot"":""BAACAgEAAxkBAAIDgWdcNlizF7pOv1dfUbStKCW5vucFAAKtAgACOdWRRyVHSP_AwrKhNgQ""}"
XEYE_ecc314ea-bc9c-4c83-8e30-01361fd037b0,CORTOS - Cortos televisivos de.video,,VIDEO,{},XEYE:/Series/Gravity Falls/cortos/CORTOS - Cortos televisivos de.video,"{""@xeye_1_bot"":""BAACAgEAAxkBAAIDg2dcNlimGsNl2GTv_osMJJduLs9QAAKvAgACOdWRR2p0Hlwp__E4NgQ""}"
XEYE_4f67c38f-fec5-4e96-99cb-d6ec22bd573f,CORTOS - El 치lbum de.video,,VIDEO,{},XEYE:/Series/Gravity Falls/cortos/CORTOS - El 치lbum de.video,"{""@xeye_1_bot"":""BAACAgEAAxkBAAIDhWdcNliKFSJD-XDqDif8Y4PEahkkAAKxAgACOdWRR-FqlqISccriNgQ""}"
XEYE_214f8443-0075-4a24-a72b-7bfab7f27127,Drag칩n Ball Z,,FOLDER,,XEYE:/Series/Anime/Drag칩n Ball Z/,
XEYE_fca5ad13-cabf-4ca5-9485-16620bce0fdf,Saga de los Sayayin,,FOLDER,,XEYE:/Series/Anime/Drag칩n Ball Z/Saga de los Sayayin/,
XEYE_e5de2a9f-6d64-4a43-a6b6-6fe53d27e1cc,Cap칤tulo 1 Aparece un mini.video,,VIDEO,{},XEYE:/Series/Anime/Drag칩n Ball Z/Saga de los Sayayin/Cap칤tulo 1 Aparece un mini.video,"{""@xeye_1_bot"":""BAACAgEAAxkBAAIDimdcOKugCoCMUWyPC_JgQNOUnJ1mAAInAAPpu3FEbbHD1486gFM2BA""}"
XEYE_64112125-153f-40fd-8179-313c16611170,Cap칤tulo 2 Un guerrero muy.video,,VIDEO,{},XEYE:/Series/Anime/Drag칩n Ball Z/Saga de los Sayayin/Cap칤tulo 2 Un guerrero muy.video,"{""@xeye_1_bot"":""BAACAgEAAxkBAAIDi2dcOKuM64CpoH-DXQhuMTBKFVX6AAIqAAPpu3FE9AX_se6edBY2BA""}"
XEYE_199db11e-b2ef-411e-9a91-08b4092bd8a4,Cap칤tulo 3 La combinaci칩n m치s.video,,VIDEO,{},XEYE:/Series/Anime/Drag칩n Ball Z/Saga de los Sayayin/Cap칤tulo 3 La combinaci칩n m치s.video,"{""@xeye_1_bot"":""BAACAgEAAxkBAAIDjGdcOKsrpKO7ynPmFMpYmENFwuZPAAIrAAPpu3FE-Ak0cCZq6YI2BA""}"
XEYE_f34a13ef-fa1a-4b73-b386-6385fc98641a,Cap칤tulo 4 춰Piccolo seca su.video,,VIDEO,{},XEYE:/Series/Anime/Drag칩n Ball Z/Saga de los Sayayin/Cap칤tulo 4 춰Piccolo seca su.video,"{""@xeye_1_bot"":""BAACAgEAAxkBAAIDjWdcOKuQSerfOZEyhSV7g3WgLIlXAAIKAAOPZ3BENrJb1DhelTI2BA""}"
XEYE_43363110-8ce1-4379-bf06-992225381f3b,"Cap칤tulo 5 Goku muere, solo.video",,VIDEO,{},"XEYE:/Series/Anime/Drag칩n Ball Z/Saga de los Sayayin/Cap칤tulo 5 Goku muere, solo.video","{""@xeye_1_bot"":""BAACAgEAAxkBAAIDjmdcOKuLkmvVgh16k2ISLjduL3JHAAIsAAPpu3FE_QgkWAAB9wONNgQ""}"
XEYE_2b7f251e-2e42-4e3a-b314-fa697f5fc875,Cap칤tulo 6 Enma-Sama tambi칠n se.video,,VIDEO,{},XEYE:/Series/Anime/Drag칩n Ball Z/Saga de los Sayayin/Cap칤tulo 6 Enma-Sama tambi칠n se.video,"{""@xeye_1_bot"":""BAACAgEAAxkBAAIDj2dcOKsj0nnr-IsyWbdw4ez2h7A6AAItAAPpu3FEu0pGNC3tmSI2BA""}"
XEYE_1ba0d686-08dc-4f6a-844a-585e62ae3641,Cap칤tulo 7 Hay que sobrevivir.video,,VIDEO,{},XEYE:/Series/Anime/Drag칩n Ball Z/Saga de los Sayayin/Cap칤tulo 7 Hay que sobrevivir.video,"{""@xeye_1_bot"":""BAACAgEAAxkBAAIDkGdcOKvuyUKGWWLf0LdInC_O9piWAAIuAAPpu3FEYZQIIkHm62Y2BA""}"
XEYE_8335ef46-14cd-4044-9bf1-11c756e76a50,Cap칤tulo 8 Una transformaci칩n a.video,,VIDEO,{},XEYE:/Series/Anime/Drag칩n Ball Z/Saga de los Sayayin/Cap칤tulo 8 Una transformaci칩n a.video,"{""@xeye_1_bot"":""BAACAgEAAxkBAAIDkWdcOKtzuWQqU_6rJkvY_vfkJEaYAAIvAAPpu3FEWa_8cRFSjqE2BA""}"
XEYE_0cc87f00-3e8e-4935-8604-3d0ba8cab284,Cap칤tulo 9 Perd칩neme se침or robot.video,,VIDEO,{},XEYE:/Series/Anime/Drag칩n Ball Z/Saga de los Sayayin/Cap칤tulo 9 Perd칩neme se침or robot.video,"{""@xeye_1_bot"":""BAACAgEAAxkBAAIDkmdcOKvondaYN_m_OgHuNRppiaQ7AAIwAAPpu3FE-yY3_4F5s_c2BA""}"
XEYE_c8ea571d-c8eb-4b8c-8c35-82ebea0962c0,Cap칤tulo 10 No llores Gohan.video,,VIDEO,{},XEYE:/Series/Anime/Drag칩n Ball Z/Saga de los Sayayin/Cap칤tulo 10 No llores Gohan.video,"{""@xeye_1_bot"":""BAACAgEAAxkBAAIDk2dcOKs2cEqEOcKBKfPhbeCLeO6vAAIxAAPpu3FE22lMoB8XnuA2BA""}"
XEYE_a91bee6d-ddc0-4df6-b0a3-01906dcf45dc,Cap칤tulo 11 Los guerreros m치s.video,,VIDEO,{},XEYE:/Series/Anime/Drag칩n Ball Z/Saga de los Sayayin/Cap칤tulo 11 Los guerreros m치s.video,"{""@xeye_1_bot"":""BAACAgEAAxkBAAIDlGdcOKtLlQEXTOao0I8wAV6BWcnrAAIyAAPpu3FExGvUwZewZe82BA""}"
XEYE_830fd6fa-ba9e-47f3-a457-f3a8522e8825,"Cap칤tulo 12 Una peque침a siesta,.video",,VIDEO,{},"XEYE:/Series/Anime/Drag칩n Ball Z/Saga de los Sayayin/Cap칤tulo 12 Una peque침a siesta,.video","{""@xeye_1_bot"":""BAACAgEAAxkBAAIDlWdcOKvJXlJSuZsuh4ozP3q23pmiAAIzAAPpu3FESvfa3w7R82s2BA""}"
XEYE_ea042b15-efd8-42ce-807b-e53100a3f5e4,Cap칤tulo 13 춰No toques eso!.video,,VIDEO,{},XEYE:/Series/Anime/Drag칩n Ball Z/Saga de los Sayayin/Cap칤tulo 13 춰No toques eso!.video,"{""@xeye_1_bot"":""BAACAgEAAxkBAAIDlmdcOKt9tVGXH3R-OQwPTpQ-VQM6AAITAAMM_HhE8-hRczfd2P02BA""}"
XEYE_513562ad-1b01-4584-bec7-13d65b069068,Cap칤tulo 14 Una dulce tentaci칩n;.video,,VIDEO,{},XEYE:/Series/Anime/Drag칩n Ball Z/Saga de los Sayayin/Cap칤tulo 14 Una dulce tentaci칩n;.video,"{""@xeye_1_bot"":""BAACAgEAAxkBAAIDl2dcOKtye7AuqAg7ZEhvMF86hHZlAAIUAAMM_HhEaAoHSNMiAAEONgQ""}"
XEYE_fc203f65-25b9-48dd-ad7b-560487a6b566,Cap칤tulo 15 춰Escapa de Piccolo!.video,,VIDEO,{},XEYE:/Series/Anime/Drag칩n Ball Z/Saga de los Sayayin/Cap칤tulo 15 춰Escapa de Piccolo!.video,"{""@xeye_1_bot"":""BAACAgEAAxkBAAIDmGdcOKstV5gSq-Mopq0Z9itFjBVOAAIVAAMM_HhE1ZXsNNHhdzE2BA""}"
XEYE_3cf9dc66-bb9e-4719-bf80-594094e58a64,Cap칤tulo 16 춰Corre Gohan! Milk.video,,VIDEO,{},XEYE:/Series/Anime/Drag칩n Ball Z/Saga de los Sayayin/Cap칤tulo 16 춰Corre Gohan! Milk.video,"{""@xeye_1_bot"":""BAACAgEAAxkBAAIDmWdcOKsGcPWb06yyuaMZdhWa4sGDAAIWAAMM_HhEkWkKB1H76N42BA""}"
XEYE_03975d24-ee1e-4b47-920c-347eb043a270,Cap칤tulo 17 춰Una ciudad sin.video,,VIDEO,{},XEYE:/Series/Anime/Drag칩n Ball Z/Saga de los Sayayin/Cap칤tulo 17 춰Una ciudad sin.video,"{""@xeye_1_bot"":""BAACAgEAAxkBAAIDmmdcOKvhMM0QOE24Qvl46aoi3EMCAAIXAAMM_HhEnuaRV9_x2YQ2BA""}"
XEYE_829e4541-87e3-4938-9dd4-f3e433cb91aa,Cap칤tulo 18 El final del.video,,VIDEO,{},XEYE:/Series/Anime/Drag칩n Ball Z/Saga de los Sayayin/Cap칤tulo 18 El final del.video,"{""@xeye_1_bot"":""BAACAgEAAxkBAAIDm2dcOKuTe6ixma0ImnQ-Ql5soi8TAAIYAAMM_HhEXGnUpL3pEcw2BA""}"
XEYE_d855e660-8eae-4495-ae8b-89555af85eb9,Cap칤tulo 19 춰Domina la fuerza.video,,VIDEO,{},XEYE:/Series/Anime/Drag칩n Ball Z/Saga de los Sayayin/Cap칤tulo 19 춰Domina la fuerza.video,"{""@xeye_1_bot"":""BAACAgEAAxkBAAIDnGdcOKsZgNzvV_oH7Pl709bsKvtJAAIZAAMM_HhEnjocby1Vul02BA""}"
XEYE_6380d300-fe82-4286-86ae-14641e43c25e,Cap칤tulo 20 춰La leyenda revive!.video,,VIDEO,{},XEYE:/Series/Anime/Drag칩n Ball Z/Saga de los Sayayin/Cap칤tulo 20 춰La leyenda revive!.video,"{""@xeye_1_bot"":""BAACAgEAAxkBAAIDnWdcOKur7l8lVuJyD3mItwmFrOo9AAIaAAMM_HhEPZFz_8Bn13Q2BA""}"
XEYE_f48f9a7c-bc93-4efa-88e7-95c7a0ababd0,Cap칤tulo 21 춰Sal de ah칤.video,,VIDEO,{},XEYE:/Series/Anime/Drag칩n Ball Z/Saga de los Sayayin/Cap칤tulo 21 춰Sal de ah칤.video,"{""@xeye_1_bot"":""BAACAgEAAxkBAAIDnmdcOKvkrMe1_DyrkObvR2CnIcqcAAIRAAMM_IBEDNo1_Fwv5Tk2BA""}"
XEYE_5b6448fc-4b51-4c8d-a63b-c93ff39a5e8a,Cap칤tulo 22 Imposible; 쯉ai-bai-man nacidos.video,,VIDEO,{},XEYE:/Series/Anime/Drag칩n Ball Z/Saga de los Sayayin/Cap칤tulo 22 Imposible; 쯉ai-bai-man nacidos.video,"{""@xeye_1_bot"":""BAACAgEAAxkBAAIDn2dcOKtBlJM329295dcsSdJS2Ks0AAISAAMM_IBEm9W5jbZSxYQ2BA""}"
XEYE_08ccfd37-b18e-4a86-beb1-2f9cc566a403,Cap칤tulo 23 춰Yamcha muere! Los.video,,VIDEO,{},XEYE:/Series/Anime/Drag칩n Ball Z/Saga de los Sayayin/Cap칤tulo 23 춰Yamcha muere! Los.video,"{""@xeye_1_bot"":""BAACAgEAAxkBAAIDoGdcOKsy7OEx9AABvF94aN1IUYJ-CgACIQADYraJRBn3FNzl7iDENgQ""}"
XEYE_83acf1de-0b2e-4ca1-8025-2d1ad224d09b,Cap칤tulo 24 춰Adi칩s Ten! La.video,,VIDEO,{},XEYE:/Series/Anime/Drag칩n Ball Z/Saga de los Sayayin/Cap칤tulo 24 춰Adi칩s Ten! La.video,"{""@xeye_1_bot"":""BAACAgEAAxkBAAIDoWdcOKt06KYYZmDQUk-0Gm_hVBaRAAIeAANitpFE4Lr-rStaJgY2BA""}"
XEYE_a79a2748-7f10-48e5-a8ec-8131ddd57b54,Cap칤tulo 25 춰El sacrificio de.video,,VIDEO,{},XEYE:/Series/Anime/Drag칩n Ball Z/Saga de los Sayayin/Cap칤tulo 25 춰El sacrificio de.video,"{""@xeye_1_bot"":""BAACAgEAAxkBAAIDomdcOKtlGlnn501IZbsmyRyhOSQmAAI8AAOhnJlEmtI4Kk_kyLU2BA""}"
XEYE_3a4c33a7-97a5-497b-bf1b-7197e2deda70,Cap칤tulo 26 춰Solo nos quedan.video,,VIDEO,{},XEYE:/Series/Anime/Drag칩n Ball Z/Saga de los Sayayin/Cap칤tulo 26 춰Solo nos quedan.video,"{""@xeye_1_bot"":""BAACAgEAAxkBAAIDo2dcOKu-KXkORSj4-t2sNZfVoeTIAAI9AAOhnJlE_rQjY8H6hvs2BA""}"
XEYE_55fc6c50-3dae-43b5-8c9b-de194fdb0385,Cap칤tulo 27 La furia de.video,,VIDEO,{},XEYE:/Series/Anime/Drag칩n Ball Z/Saga de los Sayayin/Cap칤tulo 27 La furia de.video,"{""@xeye_1_bot"":""BAACAgEAAxkBAAIDpGdcOKt40nyX_cbAF6lzcmTL1N81AAIeAAOhnKFECEETnSvrroE2BA""}"
XEYE_c4e26b8b-f9f5-4060-9af3-3519e9002759,Cap칤tulo 28 El ataque de.video,,VIDEO,{},XEYE:/Series/Anime/Drag칩n Ball Z/Saga de los Sayayin/Cap칤tulo 28 El ataque de.video,"{""@xeye_1_bot"":""BAACAgEAAxkBAAIDpWdcOKv5RbQmH6W5NNugDaKlP5PjAAIiAAOo5LhEl4s5zHWTXaM2BA""}"
XEYE_65687404-7c5a-4b42-ade8-2c5866139a6e,Cap칤tulo 29 춰Pap치 eres incre칤ble!.video,,VIDEO,{},XEYE:/Series/Anime/Drag칩n Ball Z/Saga de los Sayayin/Cap칤tulo 29 춰Pap치 eres incre칤ble!.video,"{""@xeye_1_bot"":""BAACAgEAAxkBAAIDpmdcOKs2vvczFJmiTq4TCLqhcfG6AAIlAAO4V7lEAAFkWzvgNa2BNgQ""}"
XEYE_3aa61eab-ae93-44ad-80f5-ce31ee516f50,Cap칤tulo 30 Una pelea fuera.video,,VIDEO,{},XEYE:/Series/Anime/Drag칩n Ball Z/Saga de los Sayayin/Cap칤tulo 30 Una pelea fuera.video,"{""@xeye_1_bot"":""BAACAgEAAxkBAAIDp2dcOKuOjKTRnCbOjJuZkx0s2uu3AAIjAAOo5LhEtB2u7Cqu-Xk2BA""}"
XEYE_0c6f50b0-7adb-4c6f-a026-bc3d7aed72f0,Cap칤tulo 31 춰Arriesga tu vida.video,,VIDEO,{},XEYE:/Series/Anime/Drag칩n Ball Z/Saga de los Sayayin/Cap칤tulo 31 춰Arriesga tu vida.video,"{""@xeye_1_bot"":""BAACAgEAAxkBAAIDqGdcOKthKrQVrhlX1hNtqOs2AAGlPgACJAADqOS4REkISznMTYw4NgQ""}"
XEYE_58e9d53d-a943-42fc-b29c-67a2bd993463,Cap칤tulo 32 춰Su poder de.video,,VIDEO,{},XEYE:/Series/Anime/Drag칩n Ball Z/Saga de los Sayayin/Cap칤tulo 32 춰Su poder de.video,"{""@xeye_1_bot"":""BAACAgEAAxkBAAIDqWdcOKvhFVG9i0kw6kjPuKMRPXldAAInAAOo5LhEvqQ1J0zyiUs2BA""}"
XEYE_3501ded2-758e-452d-a892-f72a3483c4b6,Cap칤tulo 33 춰No te mueras.video,,VIDEO,{},XEYE:/Series/Anime/Drag칩n Ball Z/Saga de los Sayayin/Cap칤tulo 33 춰No te mueras.video,"{""@xeye_1_bot"":""BAACAgEAAxkBAAIDqmdcOKv2L5oBqno3AAFijPj8eX5qZAACKAADqOS4RBi6nNfdFWtlNgQ""}"
XEYE_490dec0c-dc1f-479c-bbde-18ef1d604cf8,Cap칤tulo 34 춰P칠gale Krilin! Una.video,,VIDEO,{},XEYE:/Series/Anime/Drag칩n Ball Z/Saga de los Sayayin/Cap칤tulo 34 춰P칠gale Krilin! Una.video,"{""@xeye_1_bot"":""BAACAgEAAxkBAAIDq2dcOKsvgbw5zJBFwdOaC5KPR_aTAAIpAAOo5LhEZhBE4m3aKZc2BA""}"
XEYE_ec269c68-e28a-4dae-8c66-049aef533e37,Cap칤tulo 35 춰Ocurre un milagro!.video,,VIDEO,{},XEYE:/Series/Anime/Drag칩n Ball Z/Saga de los Sayayin/Cap칤tulo 35 춰Ocurre un milagro!.video,"{""@xeye_1_bot"":""BAACAgEAAxkBAAIDrGdcOKtAlQABCO1Xmx23Z5vbu9kHjgACKgADqOS4RJmVYNRUZFYhNgQ""}"
XEYE_d969cc9d-631c-4185-802d-3ff3a2caa2dd,Saga de Cell,,FOLDER,,XEYE:/Series/Anime/Drag칩n Ball Z/Saga de Cell/,
XEYE_d77d101e-bf63-47a2-9c18-74054ec2d01e,Cap칤tulo 118 Ese es el.video,,VIDEO,{},XEYE:/Series/Anime/Drag칩n Ball Z/Saga de Cell/Cap칤tulo 118 Ese es el.video,"{""@xeye_1_bot"":""BAACAgEAAxkBAAIDtGdcOeayrHrQPrqX2BBrVZQG7WHVAAI9AAND2iBFaaA47W4WPVU2BA""}"
XEYE_50319926-0e59-44c4-8d86-329ae1360cd6,Cap칤tulo 119 Yo me encargar칠.video,,VIDEO,{},XEYE:/Series/Anime/Drag칩n Ball Z/Saga de Cell/Cap칤tulo 119 Yo me encargar칠.video,"{""@xeye_1_bot"":""BAACAgEAAxkBAAIDtWdcOea6jR2wRs7Sa3oc2-3hacTdAAI-AAND2iBFpcPbJhkmhHk2BA""}"
XEYE_9c02f685-c2b0-4e38-99cd-f16e119aaf8d,Cap칤tulo 120 El final de.video,,VIDEO,{},XEYE:/Series/Anime/Drag칩n Ball Z/Saga de Cell/Cap칤tulo 120 El final de.video,"{""@xeye_1_bot"":""BAACAgEAAxkBAAIDtmdcOeYYc_k_Wxi7GVDT-A7S1pPrAAI_AAND2iBFVqW0RTwT_ls2BA""}"
XEYE_89a2eaa1-1778-4c19-9005-c990602bcf20,"Cap칤tulo 121
Gok콞 ha regresado.video",,VIDEO,{},"XEYE:/Series/Anime/Drag칩n Ball Z/Saga de Cell/Cap칤tulo 121
Gok콞 ha regresado.video","{""@xeye_1_bot"":""BAACAgEAAxkBAAIDt2dcOeai9K2rXjOTBOoozsSRP5MxAAJNAAO0wiFFaGSprH-szcQ2BA""}"
XEYE_59bfeeb9-2283-4cc0-a10f-5a7e22b15d07,Cap칤tulo 122 La identidad del.video,,VIDEO,{},XEYE:/Series/Anime/Drag칩n Ball Z/Saga de Cell/Cap칤tulo 122 La identidad del.video,"{""@xeye_1_bot"":""BAACAgEAAxkBAAIDuGdcOeaRkULMJ0IhWR8W08uL7HunAAJAAAND2iBFOSKRvQKukgo2BA""}"
XEYE_c5c64523-ef65-4af0-9062-ae0f8698d2f9,Cap칤tulo 123 La t칠cnica especial.video,,VIDEO,{},XEYE:/Series/Anime/Drag칩n Ball Z/Saga de Cell/Cap칤tulo 123 La t칠cnica especial.video,"{""@xeye_1_bot"":""BAACAgEAAxkBAAIDuWdcOeatS-bChR0xPW-cCGHbaidzAAJBAAND2iBF_v6Uvztw_VM2BA""}"
XEYE_8e6501c9-47de-4a87-a2eb-8b782fb39456,"Cap칤tulo 124
Superar칠 a Gok콞.video",,VIDEO,{},"XEYE:/Series/Anime/Drag칩n Ball Z/Saga de Cell/Cap칤tulo 124
Superar칠 a Gok콞.video","{""@xeye_1_bot"":""BAACAgEAAxkBAAIDumdcOeZo9vNDgwkGXnnW3KgEK1VIAAJCAAND2iBFx4Su6-CqrwY2BA""}"
XEYE_83789921-9028-4237-ae9b-fec7a37d9750,Cap칤tulo 125 Una prueba muy.video,,VIDEO,{},XEYE:/Series/Anime/Drag칩n Ball Z/Saga de Cell/Cap칤tulo 125 Una prueba muy.video,"{""@xeye_1_bot"":""BAACAgEAAxkBAAIDu2dcOeaOuzIi7HtDj-xG38IpUDaQAAJDAAND2iBFcBsUTqyruZw2BA""}"
XEYE_54c21904-23e3-47d8-84f9-2b770e8a0c07,Cap칤tulo 126 쯈uienes son los.video,,VIDEO,{},XEYE:/Series/Anime/Drag칩n Ball Z/Saga de Cell/Cap칤tulo 126 쯈uienes son los.video,"{""@xeye_1_bot"":""BAACAgEAAxkBAAIDvGdcOeZ0EC6H_t-Drar6EoUNQWRDAAJEAAND2iBFIaq0slzNQug2BA""}"
XEYE_50cab836-063e-4acb-8d38-e01caffe0188,Cap칤tulo 127 Los Terribles Androides.video,,VIDEO,{},XEYE:/Series/Anime/Drag칩n Ball Z/Saga de Cell/Cap칤tulo 127 Los Terribles Androides.video,"{""@xeye_1_bot"":""BAACAgEAAxkBAAIDvWdcOebMMoVy4XQvV9f68yQzR4kqAAJFAAND2iBFrwqvM-KhR1M2BA""}"
XEYE_ac856bdc-6eee-4f8c-be3b-16d16cc662e0,Cap칤tulo 128 Gok콞 tiene dos.video,,VIDEO,{},XEYE:/Series/Anime/Drag칩n Ball Z/Saga de Cell/Cap칤tulo 128 Gok콞 tiene dos.video,"{""@xeye_1_bot"":""BAACAgEAAxkBAAIDvmdcOea07xYbNakYu0mb8dcYRu5GAAJGAAND2iBFUExdCY7MBVI2BA""}"
XEYE_32d9ba03-dc31-44fc-a7a0-31125b16b750,Cap칤tulo 129 Vegeta se Convierte.video,,VIDEO,{},XEYE:/Series/Anime/Drag칩n Ball Z/Saga de Cell/Cap칤tulo 129 Vegeta se Convierte.video,"{""@xeye_1_bot"":""BAACAgEAAxkBAAIDv2dcOeZL3VbJwGOO6XP0_vXpca3qAAJOAAO0wiFFY24VQtxCmrE2BA""}"
XEYE_9c0c0f7f-1e3a-4a70-8616-6e0d779c9595,Cap칤tulo 130 El secreto del.video,,VIDEO,{},XEYE:/Series/Anime/Drag칩n Ball Z/Saga de Cell/Cap칤tulo 130 El secreto del.video,"{""@xeye_1_bot"":""BAACAgEAAxkBAAIDwGdcOea7rwAB3IreFO252gYqLJGfQwACRwADQ9ogRdnIGwZUVm3fNgQ""}"
XEYE_a18cb7d6-af76-46df-a9a6-e4025cfe7203,Cap칤tulo 131 La realidad es.video,,VIDEO,{},XEYE:/Series/Anime/Drag칩n Ball Z/Saga de Cell/Cap칤tulo 131 La realidad es.video,"{""@xeye_1_bot"":""BAACAgEAAxkBAAIDwWdcOeYFLno61egLE8n6N28cEkVgAAJIAAND2iBFSMJSvUDCSBI2BA""}"
XEYE_f192f01f-fd36-4eda-83d4-177c5250ef72,Cap칤tulo 132 Hay que buscar.video,,VIDEO,{},XEYE:/Series/Anime/Drag칩n Ball Z/Saga de Cell/Cap칤tulo 132 Hay que buscar.video,"{""@xeye_1_bot"":""BAACAgEAAxkBAAIDwmdcOebtyEeod_sMhpGnXsfTSVU_AAJJAAND2iBFfaB0VtEdRmw2BA""}"
XEYE_0dad4abc-bc96-4f15-ac5c-8eb7004956af,Cap칤tulo 133 Los androides 17.video,,VIDEO,{},XEYE:/Series/Anime/Drag칩n Ball Z/Saga de Cell/Cap칤tulo 133 Los androides 17.video,"{""@xeye_1_bot"":""BAACAgEAAxkBAAIDw2dcOebpsC0lS8LsS8FRSuCl8BrRAAJKAAND2iBFrB8-FxZ64R42BA""}"
XEYE_9b9e5b23-1d76-4e25-a779-e2982b217b01,Cap칤tulo 134 ej칠rcito encargado de.video,,VIDEO,{},XEYE:/Series/Anime/Drag칩n Ball Z/Saga de Cell/Cap칤tulo 134 ej칠rcito encargado de.video,"{""@xeye_1_bot"":""BAACAgEAAxkBAAIDxGdcOeYVb11cHirV6S4rVJNIhagzAAJPAAO0wiFFiRRdILuOgZE2BA""}"
XEYE_f1e1b21b-94a9-4fcb-985d-22f921596e93,Cap칤tulo 135 Las Habilidades del.video,,VIDEO,{},XEYE:/Series/Anime/Drag칩n Ball Z/Saga de Cell/Cap칤tulo 135 Las Habilidades del.video,"{""@xeye_1_bot"":""BAACAgEAAxkBAAIDxWdcOeZXPjig2aM6WIHAjBKmNKZnAAJLAAND2iBFD3iLRxaL-HM2BA""}"
XEYE_6196a3a8-118c-4ef0-bcda-1f9e57fde47a,Cap칤tulo 136 쮼ste ser치 el.video,,VIDEO,{},XEYE:/Series/Anime/Drag칩n Ball Z/Saga de Cell/Cap칤tulo 136 쮼ste ser치 el.video,"{""@xeye_1_bot"":""BAACAgEAAxkBAAIDxmdcOeZXsjofo-JwX1-gsGFx5Ml-AAJMAAND2iBFBLH3r8wAAURTNgQ""}"
XEYE_c731e60a-341a-4097-9a36-cabbd16c25d8,Cap칤tulo 137 La decisi칩n de.video,,VIDEO,{},XEYE:/Series/Anime/Drag칩n Ball Z/Saga de Cell/Cap칤tulo 137 La decisi칩n de.video,"{""@xeye_1_bot"":""BAACAgEAAxkBAAIDx2dcOeZH3h78lbBd18hnx04HinNJAAJNAAND2iBFcuFpgw6bbLw2BA""}"
XEYE_9b1cb8a7-2035-41f4-a536-5f0c518094d9,"Capitulo 138 
Los androides destructores.video",,VIDEO,{},"XEYE:/Series/Anime/Drag칩n Ball Z/Saga de Cell/Capitulo 138 
Los androides destructores.video","{""@xeye_1_bot"":""BAACAgEAAxkBAAIDyGdcOeaWq16ALO8wcUZw51KOGtpJAAJOAAND2iBFHR6yhjwiHl02BA""}"
XEYE_e9303659-dc3e-425e-a572-ee509860cdd0,Cap칤tulo 139 Bulma se entera.video,,VIDEO,{},XEYE:/Series/Anime/Drag칩n Ball Z/Saga de Cell/Cap칤tulo 139 Bulma se entera.video,"{""@xeye_1_bot"":""BAACAgEAAxkBAAIDyWdcOeaJNpt2AzhTvpkvxOAKR3WrAAJPAAND2iBFZXor_-fp7nk2BA""}"
XEYE_a1f0f12e-760d-4906-b10a-1885a5fc495d,Cap칤tulo 140 Un misterioso huevo.video,,VIDEO,{},XEYE:/Series/Anime/Drag칩n Ball Z/Saga de Cell/Cap칤tulo 140 Un misterioso huevo.video,"{""@xeye_1_bot"":""BAACAgEAAxkBAAIDymdcOebeOAjbfReD7SClPwrR1NZZAAJQAAND2iBFClyGyEoJQrs2BA""}"
XEYE_ce070c8f-7293-4752-b280-43aff076e9f2,Cap칤tulo 141 El nacimiento de.video,,VIDEO,{},XEYE:/Series/Anime/Drag칩n Ball Z/Saga de Cell/Cap칤tulo 141 El nacimiento de.video,"{""@xeye_1_bot"":""BAACAgEAAxkBAAIDy2dcOeZ0bfBK2afJ8ExmRS8ftHg3AAJRAAND2iBF52NB41h0TtA2BA""}"
XEYE_1609d638-d061-47b2-a5fb-127a63ea183f,Cap칤tulo 142 El monstruo que.video,,VIDEO,{},XEYE:/Series/Anime/Drag칩n Ball Z/Saga de Cell/Cap칤tulo 142 El monstruo que.video,"{""@xeye_1_bot"":""BAACAgEAAxkBAAIDzGdcOeaDI4gMjgI0nLGXKGPgCfvIAAJdAAND2iBFwlcYNuahLmo2BA""}"
XEYE_fa36659d-ec17-4caa-8c4a-5efd015b411f,"Cap칤tulo 143
El androide Cell.video",,VIDEO,{},"XEYE:/Series/Anime/Drag칩n Ball Z/Saga de Cell/Cap칤tulo 143
El androide Cell.video","{""@xeye_1_bot"":""BAACAgEAAxkBAAIDzWdcOeb_pq5FYrK3D15KmrD4i8UDAAJeAAND2iBFwa6LJO7WeqQ2BA""}"
XEYE_015068ad-67d3-444c-91e8-22e37cf82ca0,Cap칤tulo 144 Cell se escapa.video,,VIDEO,{},XEYE:/Series/Anime/Drag칩n Ball Z/Saga de Cell/Cap칤tulo 144 Cell se escapa.video,"{""@xeye_1_bot"":""BAACAgEAAxkBAAIDzmdcOebmwgKHIa4i-c1gBTwIH-lPAAJfAAND2iBF0rxoWAVuRzQ2BA""}"
XEYE_0fa78eff-4496-4b7c-8d04-cfd612685d54,Cap칤tulo 145 La habitaci칩n secreta.video,,VIDEO,{},XEYE:/Series/Anime/Drag칩n Ball Z/Saga de Cell/Cap칤tulo 145 La habitaci칩n secreta.video,"{""@xeye_1_bot"":""BAACAgEAAxkBAAIDz2dcOea-cX9CI3YlRyUf9PGOkD6vAAJQAAO0wiFFNA724x_xbJs2BA""}"
XEYE_365edd57-a4b3-440a-8d3a-1fa5d1c95d61,"Cap칤tulo 146
Gok콞 se recupera.video",,VIDEO,{},"XEYE:/Series/Anime/Drag칩n Ball Z/Saga de Cell/Cap칤tulo 146
Gok콞 se recupera.video","{""@xeye_1_bot"":""BAACAgEAAxkBAAID0GdcOeZ5NsSQi3iq5335JKZE01UeAAJVAAND2iBF0NTXJVyO7gY2BA""}"
XEYE_e443d79a-8d15-486f-a398-a4ce44ad9f32,Cap칤tulo 147 춰Vamos a la.video,,VIDEO,{},XEYE:/Series/Anime/Drag칩n Ball Z/Saga de Cell/Cap칤tulo 147 춰Vamos a la.video,"{""@xeye_1_bot"":""BAACAgEAAxkBAAID0WdcOeYDSYzWN1g8zIJj36auduecAAJWAAND2iBFltykwePDR7g2BA""}"
XEYE_92f54a5b-f13a-4d77-8228-5ff1348552b1,Cap칤tulo 148 Piccolo Vs El.video,,VIDEO,{},XEYE:/Series/Anime/Drag칩n Ball Z/Saga de Cell/Cap칤tulo 148 Piccolo Vs El.video,"{""@xeye_1_bot"":""BAACAgEAAxkBAAID0mdcOeaJ-TS7U8K7bD_sgyFzSafEAAJXAAND2iBFz-b7tuPskFU2BA""}"
XEYE_5c126622-d080-49bf-b111-3ee6be1b2571,Cap칤tulo 149 Cell est치 a.video,,VIDEO,{},XEYE:/Series/Anime/Drag칩n Ball Z/Saga de Cell/Cap칤tulo 149 Cell est치 a.video,"{""@xeye_1_bot"":""BAACAgEAAxkBAAID02dcOeYNeeLSYHcZrCMt0E0zfqpdAAJYAAND2iBF0yIFWOrpuVM2BA""}"
XEYE_546ea960-861c-48ef-aed3-63933426c56f,Cap칤tulo 150 Piccolo pelea con.video,,VIDEO,{},XEYE:/Series/Anime/Drag칩n Ball Z/Saga de Cell/Cap칤tulo 150 Piccolo pelea con.video,"{""@xeye_1_bot"":""BAACAgEAAxkBAAID1GdcOea2wWJbdSUC1pHmhVbYjcuFAAJZAAND2iBFbNlYsOwDmkU2BA""}"
XEYE_6d36d187-b8b9-43d3-bacc-d8957ff3413e,"Cap칤tulo 151 La 칰ltima esperanza,.video",,VIDEO,{},"XEYE:/Series/Anime/Drag칩n Ball Z/Saga de Cell/Cap칤tulo 151 La 칰ltima esperanza,.video","{""@xeye_1_bot"":""BAACAgEAAxkBAAID1WdcOeYAAd3qyi1uFH4mYwiPgFofKwACWgADQ9ogRcLKsST_aWM7NgQ""}"
XEYE_96e5b9a6-5d96-4553-8823-5bb5d3e02ad9,Cap칤tulo 152 Cell absorbe a.video,,VIDEO,{},XEYE:/Series/Anime/Drag칩n Ball Z/Saga de Cell/Cap칤tulo 152 Cell absorbe a.video,"{""@xeye_1_bot"":""BAACAgEAAxkBAAID1mdcOeaFbDf9MTOUKGn97mFvz4P0AAJbAAND2iBFXDx4Qig1cRo2BA""}"
XEYE_ddaa596a-d6f6-4718-b63d-3afd706d5650,Cap칤tulo 153 El nuevo desaf칤o.video,,VIDEO,{},XEYE:/Series/Anime/Drag칩n Ball Z/Saga de Cell/Cap칤tulo 153 El nuevo desaf칤o.video,"{""@xeye_1_bot"":""BAACAgEAAxkBAAID12dcOeZVdGUSeKic9KGyhgeF1RseAAJgAAND2iBFLbweePL42V82BA""}"
XEYE_90f41216-b688-4085-b89a-35012c4979c8,Cap칤tulo 154 Sal de ah칤.video,,VIDEO,{},XEYE:/Series/Anime/Drag칩n Ball Z/Saga de Cell/Cap칤tulo 154 Sal de ah칤.video,"{""@xeye_1_bot"":""BAACAgEAAxkBAAID2GdcOeZPxNPrH5KUKZTTulhBrH_CAAJhAAND2iBFziwU3PtVGzg2BA""}"
XEYE_0473d56d-d557-4762-82a5-879a0dd1aa05,Cap칤tulo 155 El Super poder.video,,VIDEO,{},XEYE:/Series/Anime/Drag칩n Ball Z/Saga de Cell/Cap칤tulo 155 El Super poder.video,"{""@xeye_1_bot"":""BAACAgEAAxkBAAID2WdcOeYv8BrzLnIFT_7o3N3AVg2OAAJiAAND2iBF2uXaUARyCoc2BA""}"
XEYE_e08bba51-8816-476d-b180-dc0dbbe82995,Cap칤tulo 156 Yo soy super.video,,VIDEO,{},XEYE:/Series/Anime/Drag칩n Ball Z/Saga de Cell/Cap칤tulo 156 Yo soy super.video,"{""@xeye_1_bot"":""BAACAgEAAxkBAAID2mdcOeZ_SKvPJkR6kmTmC9OwYOD8AAJjAAND2iBFD_H0F2XrITY2BA""}"
XEYE_8d5ec4a0-7184-4a0c-bfde-12774b9ad90c,"Cap칤tulo 157
Un guerrero orgulloso.video",,VIDEO,{},"XEYE:/Series/Anime/Drag칩n Ball Z/Saga de Cell/Cap칤tulo 157
Un guerrero orgulloso.video","{""@xeye_1_bot"":""BAACAgEAAxkBAAID22dcOeZPetvqHu4JizYfyVC45AAByQACZAADQ9ogRWXGMW14qZzaNgQ""}"
XEYE_7ec781ee-93ea-4812-b773-a85fe59bd456,Cap칤tulo 158 La decisi칩n de.video,,VIDEO,{},XEYE:/Series/Anime/Drag칩n Ball Z/Saga de Cell/Cap칤tulo 158 La decisi칩n de.video,"{""@xeye_1_bot"":""BAACAgEAAxkBAAID3GdcOebh2CdlOFR8mTtgwcc4O5n-AAJlAAND2iBFysX4rloXsYs2BA""}"
XEYE_9e884451-591c-4ca6-887b-1e9accd00f9d,Cap칤tulo 159 Cell busca perfeccionar.video,,VIDEO,{},XEYE:/Series/Anime/Drag칩n Ball Z/Saga de Cell/Cap칤tulo 159 Cell busca perfeccionar.video,"{""@xeye_1_bot"":""BAACAgEAAxkBAAID3WdcOeZL7LsShVHOXua5zg3JI8fVAAJmAAND2iBFEbe7JGARt5I2BA""}"
XEYE_2c4baf45-a9db-4cb9-8c40-df4e4f120d83,"Cap칤tulo 160 Cell, el dios.video",,VIDEO,{},"XEYE:/Series/Anime/Drag칩n Ball Z/Saga de Cell/Cap칤tulo 160 Cell, el dios.video","{""@xeye_1_bot"":""BAACAgEAAxkBAAID3mdcOeYVGdpF0tDFIaY236jekXuvAAJnAAND2iBFLxfWLdH1gqQ2BA""}"
XEYE_9bfaa1ef-7119-4368-b5d3-dafe066e006c,Cap칤tulo 161 Super Vegeta corre.video,,VIDEO,{},XEYE:/Series/Anime/Drag칩n Ball Z/Saga de Cell/Cap칤tulo 161 Super Vegeta corre.video,"{""@xeye_1_bot"":""BAACAgEAAxkBAAID32dcOeY_5YWQzWdU78S-BxjQouzIAAJoAAND2iBFoHcK619qPlo2BA""}"
XEYE_b3f066db-7dbd-424f-93b6-c19547a55e74,Cap칤tulo 162 Trunks se pone.video,,VIDEO,{},XEYE:/Series/Anime/Drag칩n Ball Z/Saga de Cell/Cap칤tulo 162 Trunks se pone.video,"{""@xeye_1_bot"":""BAACAgEAAxkBAAID4GdcOebOjAcNtcHDBHgQrLq-OmvkAAJpAAND2iBFAtQPcKAfafY2BA""}"
XEYE_fb34681f-b878-4879-a728-c0b5603a58cd,"Cap칤tulo 163
Salva a pap치.video",,VIDEO,{},"XEYE:/Series/Anime/Drag칩n Ball Z/Saga de Cell/Cap칤tulo 163
Salva a pap치.video","{""@xeye_1_bot"":""BAACAgEAAxkBAAID4WdcOeaCObO_hoxQ6cUJKzCpDFirAAJqAAND2iBFqOyCmSWKRKw2BA""}"
XEYE_64c65027-e715-476a-a5de-6d7185550e95,Cap칤tulo 164 La desesperaci칩n de.video,,VIDEO,{},XEYE:/Series/Anime/Drag칩n Ball Z/Saga de Cell/Cap칤tulo 164 La desesperaci칩n de.video,"{""@xeye_1_bot"":""BAACAgEAAxkBAAID4mdcOeaPBHnFtr2K56xniyQTmNCoAAJrAAND2iBFYiPoU6_zzio2BA""}"
XEYE_11eaaf55-dc99-4d92-8945-ba6b4aec5acc,Cap칤tulo 165 El punto d칠bil.video,,VIDEO,{},XEYE:/Series/Anime/Drag칩n Ball Z/Saga de Cell/Cap칤tulo 165 El punto d칠bil.video,"{""@xeye_1_bot"":""BAACAgEAAxkBAAID42dcOebcipnB1HxE46EJcYiz40vJAAJsAAND2iBFRYdiHrkkGss2BA""}"
XEYE_5ed35c3a-3b2c-4e05-88e4-958db3e1e87b,Cap칤tulo 166 El misterio del.video,,VIDEO,{},XEYE:/Series/Anime/Drag칩n Ball Z/Saga de Cell/Cap칤tulo 166 El misterio del.video,"{""@xeye_1_bot"":""BAACAgEAAxkBAAID5GdcOeZymkMDitThq5CfVj1JGbfLAAJtAAND2iBFBWuArJcphBI2BA""}"
XEYE_5ba7b9b6-aae5-4100-86eb-2dfaeae3bc72,Cap칤tulo 167 El aviso del.video,,VIDEO,{},XEYE:/Series/Anime/Drag칩n Ball Z/Saga de Cell/Cap칤tulo 167 El aviso del.video,"{""@xeye_1_bot"":""BAACAgEAAxkBAAID5WdcOeZBGwu4pxy16xwkfb6VeE4-AAJuAAND2iBFkCH7uqv5jeo2BA""}"
XEYE_d6494a8e-38cc-4bd9-8dd3-9f64f4d2c828,Cap칤tulo 168 Los nuevos poderes.video,,VIDEO,{},XEYE:/Series/Anime/Drag칩n Ball Z/Saga de Cell/Cap칤tulo 168 Los nuevos poderes.video,"{""@xeye_1_bot"":""BAACAgEAAxkBAAID5mdcOeY66E6O9kAlGRKFnDhi7ZEoAAJvAAND2iBFUrbCO_7OCIw2BA""}"
XEYE_b63f6672-f34f-4f20-9b51-debad3170fcf,Cap칤tulo 169 La tranquilidad de.video,,VIDEO,{},XEYE:/Series/Anime/Drag칩n Ball Z/Saga de Cell/Cap칤tulo 169 La tranquilidad de.video,"{""@xeye_1_bot"":""BAACAgEAAxkBAAID52dcOebabpN4td6mFA2vRfulRVrmAAJwAAND2iBFAnfmFboBq7k2BA""}"
XEYE_637017d9-98a8-401d-8d47-380b0e8d9ec9,Cap칤tulo 170 El Descanso de.video,,VIDEO,{},XEYE:/Series/Anime/Drag칩n Ball Z/Saga de Cell/Cap칤tulo 170 El Descanso de.video,"{""@xeye_1_bot"":""BAACAgEAAxkBAAID6GdcOeYGUFC1NhET5b8F6HKDd3DrAAJxAAND2iBFBQwtWGMw9aI2BA""}"
XEYE_d066f78b-0a48-46e7-a0b7-3d9eeb3f0a76,Cap칤tulo 171 Cuando Gohan era.video,,VIDEO,{},XEYE:/Series/Anime/Drag칩n Ball Z/Saga de Cell/Cap칤tulo 171 Cuando Gohan era.video,"{""@xeye_1_bot"":""BAACAgEAAxkBAAID6WdcOeYI3aLkGZmoMMqS02ggHFCJAAJyAAND2iBFqKDF_HG1Fgo2BA""}"
XEYE_bca70513-acb4-4387-a583-7e97a08e81d1,Cap칤tulo 172 Busquemos a un.video,,VIDEO,{},XEYE:/Series/Anime/Drag칩n Ball Z/Saga de Cell/Cap칤tulo 172 Busquemos a un.video,"{""@xeye_1_bot"":""BAACAgEAAxkBAAID6mdcOeatkt5KUpPVp5R4nWmC727VAAJzAAND2iBFuyhfvXvWZUw2BA""}"
XEYE_eaa5c733-c052-4f24-a6f7-448c74ac9504,Cap칤tulo 173 Las esferas del.video,,VIDEO,{},XEYE:/Series/Anime/Drag칩n Ball Z/Saga de Cell/Cap칤tulo 173 Las esferas del.video,"{""@xeye_1_bot"":""BAACAgEAAxkBAAID62dcOeYUwuSWv7m7jlBg8ZJt40juAAJ0AAND2iBFYN_V0K2NgQU2BA""}"
XEYE_60a7dcd7-6813-4865-bda3-282b92e539e1,Cap칤tulo 174 El sufrimiento de.video,,VIDEO,{},XEYE:/Series/Anime/Drag칩n Ball Z/Saga de Cell/Cap칤tulo 174 El sufrimiento de.video,"{""@xeye_1_bot"":""BAACAgEAAxkBAAID7GdcOeZU9prNW-dkxhPuDAt6pXLdAAJ2AAND2iBFE_7wTkgIriI2BA""}"
XEYE_ab610838-01a5-4601-8a1a-683344b187f0,Cap칤tulo 175 El torneo de.video,,VIDEO,{},XEYE:/Series/Anime/Drag칩n Ball Z/Saga de Cell/Cap칤tulo 175 El torneo de.video,"{""@xeye_1_bot"":""BAACAgEAAxkBAAID7WdcOebDtapTvBm_CxiNpmb0iZmsAAJ3AAND2iBFRGVq399wf2o2BA""}"
XEYE_e0b65aab-0685-4240-821b-a5bd2827f841,Cap칤tulo 176 El ej칠rcito de.video,,VIDEO,{},XEYE:/Series/Anime/Drag칩n Ball Z/Saga de Cell/Cap칤tulo 176 El ej칠rcito de.video,"{""@xeye_1_bot"":""BAACAgEAAxkBAAID7mdcOeZ-fb5trC31uQiXwy04cxCcAAJ4AAND2iBFNGgJK7nGXu82BA""}"
XEYE_591d8346-ef47-4733-81d7-00a6e47cdf22,"Cap칤tulo 177
Gok콞 vs Cell.video",,VIDEO,{},"XEYE:/Series/Anime/Drag칩n Ball Z/Saga de Cell/Cap칤tulo 177
Gok콞 vs Cell.video","{""@xeye_1_bot"":""BAACAgEAAxkBAAID72dcOeZKhhW6BYGl5xA44aovwA04AAJ5AAND2iBFm00YX_4xpcE2BA""}"
XEYE_3378e819-9ba4-4ba8-9916-699eb4792ce3,Cap칤tulo 178 El super Kame.video,,VIDEO,{},XEYE:/Series/Anime/Drag칩n Ball Z/Saga de Cell/Cap칤tulo 178 El super Kame.video,"{""@xeye_1_bot"":""BAACAgEAAxkBAAID8GdcOeY35jZ3x1XvDixXTmqBfTmbAAJ6AAND2iBFs5f4keuGsD42BA""}"
XEYE_a5f81b72-d712-4aca-88aa-74bb88d8a11f,Cap칤tulo 179 Cell cambia las.video,,VIDEO,{},XEYE:/Series/Anime/Drag칩n Ball Z/Saga de Cell/Cap칤tulo 179 Cell cambia las.video,"{""@xeye_1_bot"":""BAACAgEAAxkBAAID8WdcOebpCSF4Yxg1kIg_lzsv5499AAJ-AAND2iBFGKipmRkxVmg2BA""}"
XEYE_363222e6-086f-4ea3-b94d-57e265c9b6cb,"Cap칤tulo 180
쮾ok콞 se rinde?.video",,VIDEO,{},"XEYE:/Series/Anime/Drag칩n Ball Z/Saga de Cell/Cap칤tulo 180
쮾ok콞 se rinde?.video","{""@xeye_1_bot"":""BAACAgEAAxkBAAID8mdcOeakrQVR4IKnOdVDbURSYmRcAAJ_AAND2iBFMxvjmEtQm9M2BA""}"
XEYE_56c27fab-b4cb-4736-b125-2acc9f1312ec,"Cap칤tulo 181 Gohan, el joven.video",,VIDEO,{},"XEYE:/Series/Anime/Drag칩n Ball Z/Saga de Cell/Cap칤tulo 181 Gohan, el joven.video","{""@xeye_1_bot"":""BAACAgEAAxkBAAID82dcOea1iVtQHcl04807lLvIbA9EAAKAAAND2iBF8eSdtLXfgBg2BA""}"
XEYE_01c15df0-b4fa-4791-a913-8bd285f44b10,"Cap칤tulo 182 Gohan, 춰expulsa todo.video",,VIDEO,{},"XEYE:/Series/Anime/Drag칩n Ball Z/Saga de Cell/Cap칤tulo 182 Gohan, 춰expulsa todo.video","{""@xeye_1_bot"":""BAACAgEAAxkBAAID9GdcOeYCkhc7a3T24XHqy4_De7quAAKBAAND2iBF8wABI-nAdA3LNgQ""}"
XEYE_56974785-47ac-4758-b0c4-138dd1d22f50,Cap칤tulo 183 El ataque de.video,,VIDEO,{},XEYE:/Series/Anime/Drag칩n Ball Z/Saga de Cell/Cap칤tulo 183 El ataque de.video,"{""@xeye_1_bot"":""BAACAgEAAxkBAAID9WdcOebebgbwjx-AErSmcNohtA-DAAIhAAND2ihFUdQV96p-JSY2BA""}"
XEYE_4d1ae952-dff5-4291-885e-ec047f3069fc,"Cap칤tulo 184
Gohan se enfada.video",,VIDEO,{},"XEYE:/Series/Anime/Drag칩n Ball Z/Saga de Cell/Cap칤tulo 184
Gohan se enfada.video","{""@xeye_1_bot"":""BAACAgEAAxkBAAID9mdcOeYRRu39fxEMdtLdo-gRuFHTAAIiAAND2ihFHw9BLJmX-J82BA""}"
XEYE_e704548c-7f55-461f-b968-0f03d634e2d9,Cap칤tulo 185 Destrucci칩n de los.video,,VIDEO,{},XEYE:/Series/Anime/Drag칩n Ball Z/Saga de Cell/Cap칤tulo 185 Destrucci칩n de los.video,"{""@xeye_1_bot"":""BAACAgEAAxkBAAID92dcOeYJqYoNjQVQk5FvSfzkJYziAAIuAANYUClFSFS2pBsp89w2BA""}"
XEYE_2ec2f41c-0c92-4bbc-a846-b10680063842,"Cap칤tulo 186
Cell es golpeado.video",,VIDEO,{},"XEYE:/Series/Anime/Drag칩n Ball Z/Saga de Cell/Cap칤tulo 186
Cell es golpeado.video","{""@xeye_1_bot"":""BAACAgEAAxkBAAID-GdcOeZLhl9QHNwh0KYsoFKxXb4hAAIvAANYUClFyFUw0SVNWeI2BA""}"
XEYE_90283942-8b37-42c2-97bc-c68039325d21,Cap칤tulo 187 La transformaci칩n de.video,,VIDEO,{},XEYE:/Series/Anime/Drag칩n Ball Z/Saga de Cell/Cap칤tulo 187 La transformaci칩n de.video,"{""@xeye_1_bot"":""BAACAgEAAxkBAAID-WdcOeboKDObE-8QrICpdJsyg3YzAAJCAAO0wilFgJGE3aVduQABNgQ""}"
XEYE_b80fe1ff-30e1-4007-8813-700855019813,"Cap칤tulo 188
Adi칩s a todos.video",,VIDEO,{},"XEYE:/Series/Anime/Drag칩n Ball Z/Saga de Cell/Cap칤tulo 188
Adi칩s a todos.video","{""@xeye_1_bot"":""BAACAgEAAxkBAAID-mdcOebWcoMZJefY6nk8-3OCYVWJAAIwAANYUClF2tbnbf1akUw2BA""}"
XEYE_5cf701cf-6920-40e4-84bb-4f01860ae605,Cap칤tulo 189 Una terrible pesadilla.video,,VIDEO,{},XEYE:/Series/Anime/Drag칩n Ball Z/Saga de Cell/Cap칤tulo 189 Una terrible pesadilla.video,"{""@xeye_1_bot"":""BAACAgEAAxkBAAID-2dcOeZyoJNiTGIidSmKGWZkErkCAAIxAANYUClFlBD0-5uftgc2BA""}"
XEYE_f9644dde-26bc-44d0-8c19-a8e0881458c8,Cap칤tulo 190 Un mensaje para.video,,VIDEO,{},XEYE:/Series/Anime/Drag칩n Ball Z/Saga de Cell/Cap칤tulo 190 Un mensaje para.video,"{""@xeye_1_bot"":""BAACAgEAAxkBAAID_GdcOeZZ_XOIX9kJoCriVzxSF-xBAAIyAANYUClFA_D6rjEVUso2BA""}"
XEYE_42d5f875-6c5d-473e-8403-dc571a3d9f95,Cap칤tulo 191 La pelea ha.video,,VIDEO,{},XEYE:/Series/Anime/Drag칩n Ball Z/Saga de Cell/Cap칤tulo 191 La pelea ha.video,"{""@xeye_1_bot"":""BAACAgEAAxkBAAID_WdcOeYYcbA9hIynawRWVVEmc0fgAAIzAANYUClF6UhBI37F0702BA""}"
XEYE_c8f92661-19ee-4eef-8ede-f363fd23761d,Cap칤tulo 192 Gok콞 se va.video,,VIDEO,{},XEYE:/Series/Anime/Drag칩n Ball Z/Saga de Cell/Cap칤tulo 192 Gok콞 se va.video,"{""@xeye_1_bot"":""BAACAgEAAxkBAAID_mdcOeZv_qQEk1a36NW6gCAYpuLcAAI0AANYUClF1lQNbNS0xv02BA""}"
XEYE_deaf57b5-fc16-491a-b4c4-853b5389ffa4,"Cap칤tulo 193 춰Pap치, jam치s me.video",,VIDEO,{},"XEYE:/Series/Anime/Drag칩n Ball Z/Saga de Cell/Cap칤tulo 193 춰Pap치, jam치s me.video","{""@xeye_1_bot"":""BAACAgEAAxkBAAID_2dcOeZW_0x2CA87ZHpGV5M6Zzo-AAI1AANYUClFjCtHkPzc0qU2BA""}"
XEYE_63192e81-fb6f-430c-bb91-f58069ed4460,"Cap칤tulo 194
Otro final feliz.video",,VIDEO,{},"XEYE:/Series/Anime/Drag칩n Ball Z/Saga de Cell/Cap칤tulo 194
Otro final feliz.video","{""@xeye_1_bot"":""BAACAgEAAxkBAAIEAAFnXDnmfnXIdzX7oUNaUMU3ZxRySQACNgADWFApRR5Ms92BoUuVNgQ""}"
XEYE_be910b74-94e9-431f-a466-20efaaf2d615,Disney,,FOLDER,,XEYE:/Peliculas/Disney/,
XEYE_048a9747-587b-41c5-91c1-d61f9a0477b2,La Dama y el Vagabundo.video,,VIDEO,"{""XEYE_ec83fa93-35a7-47d0-9249-2afc0f1356f3"":""@xeye_1_bot""}",XEYE:/Peliculas/Disney/La Dama y el Vagabundo.video,"{""@xeye_1_bot"":""BAACAgIAAxkBAAIEE2dcO1JX5tT68q6XkSh8GCs1WKROAAKEBAACckZgSriqqKIidKGqNgQ""}"
XEYE_69500d29-7b42-48fa-9efe-4e3458e8fee8,Series,,FOLDER,,XEYE:/Series/,
XEYE_7d50b0ee-1f90-4228-a017-626753577051,Peliculas,,FOLDER,,XEYE:/Peliculas/,
XEYE_e81b12a2-3d22-4f04-b5b6-f8c3b8ad486b,Temp,,FOLDER,,XEYE:/Temp/,
